m1,s1,a1,p1,m2,s2,a2,p2,m3,s3,a3,p3,label
18.646,22.234,526.471,52.273,165.713,40.756,29121.988,228.446,26.569,32.974,1097.61,75.099,0
25.026,28.248,844.8,63.365,110.599,41.505,13954.898,171.218,22.738,24.406,691.44,58.11,0
24.717,29.634,921.15,59.186,57.061,33.147,4354.626,112.25,12.113,10.162,229.674,29.253,0
47.108,23.824,2780.423,106.278,36.01,41.618,1790.424,80.122,23.707,26.598,795.695,51.71,0
60.675,18.88,4037.957,95.044,34.715,39.107,1896.975,96.019,22.985,25.048,651.095,42.283,0
27.092,22.285,931.371,59.044,37.853,35.975,2231.197,92.609,24.181,27.421,805.992,56.049,0
14.708,18.784,354.116,38.574,61.846,41.822,5268.712,131.191,21.157,24.517,602.369,48.366,0
27.178,19.492,983.025,51.048,106.942,27.481,12191.772,158.066,15.371,17.94,343.134,37.589,0
22.61,26.244,718.153,52.163,101.849,30.855,11325.176,151.759,31.606,35.779,1287.415,72.718,0
27.626,24.234,1105.67,67.647,115.521,29.546,14218.059,168.877,11.307,14.087,222.361,35.215,0
27.454,23.375,1028.062,83.013,100.252,39.814,11635.668,170.358,22.413,24.969,666.22,47.536,0
19.871,19.188,596.369,54.574,139.736,35.624,20795.096,192.075,17.438,16.524,416.962,42.066,0
14.295,17.753,324.72,44.598,104.944,33.46,12132.79,168.501,18.463,21.047,476.855,45.648,0
17.095,20.165,444.66,44.772,99.032,34.858,11022.434,148.853,12.847,17.662,316.107,50.134,0
23.495,25.119,902.783,68.333,45.973,38.925,3302.024,114.103,21.624,26.275,690.437,46.152,0
33.24,15.308,1339.227,56.913,35.62,40.899,1704.385,76.717,12.014,14.232,213.407,29.046,0
41.035,22.575,2193.522,84.039,31.006,34.062,1413.206,72.588,21.3,26.503,702.635,61.709,0
41.298,22.915,2132.592,76.817,27.222,30.86,953.382,69.257,17.479,19.683,396.588,42.018,0
47.284,14.56,2447.802,70.895,36.099,27.883,1948.411,70.325,13.133,15.229,235.704,27.664,0
35.888,23.968,1714.349,73.875,34.667,38.156,1842.92,83.807,20.541,25.596,665.87,60.728,0
18.834,20.616,607.225,47.175,33.474,36.927,1420.667,62.479,17.714,21.136,484.111,42.459,0
23.499,19.007,782.286,57.894,30.432,30.754,1227.696,65.557,17.792,21.309,459.966,38.521,0
14.584,18.029,325.374,42.019,32.829,36.539,1363.582,67.958,17.903,19.24,453.201,49.856,0
23.162,17.168,736.632,48.433,37.969,39.258,1963.61,74.936,20.898,26.738,715.244,52.571,0
19.069,15.922,562.983,47.683,36.659,33.246,2145.259,85.61,12.351,14.513,213.934,28.223,0
33.047,27.849,1611.691,85.361,31.536,29.993,1478.703,68.734,26.244,31.253,979.98,57.222,0
28.368,24.61,1148.983,62.309,47.693,39.429,3064.859,102.124,18.924,21.118,472.643,38.498,0
27.629,23.781,1112.522,64.146,29.33,30.281,1230.627,61.549,19.253,19.062,512.359,46.825,0
18.897,22.271,587.058,50.858,30.811,35.615,1279.898,66.537,16.548,21.959,483.135,54.298,0
29.09,20.481,1120.925,62.214,28.23,31.697,1084.123,63.949,21.455,25.577,691.807,56.243,0
18.158,19.615,474.552,39.333,28.464,34.353,1197.396,80.283,16.536,20.005,415.836,40.357,0
22.542,29.093,913.916,74.271,25.308,28.299,886.738,56.866,14.379,17.055,293.045,29.646,0
17.925,18.407,443.603,39.854,25.021,27.268,862.262,64.141,18.661,22.283,497.731,45.916,0
16.658,19.064,378.626,34.817,30.053,32.604,1136.028,62.194,19.245,22.202,535.501,45.858,0
20.377,17.169,591.492,48.057,36.154,40.645,1784.091,72.888,13.751,16.274,269.71,39.361,0
38.299,21.609,1920.435,77.175,31.938,35.226,1385.205,65.733,20.55,24.82,626.873,55.494,0
38.938,15.635,1760.647,73.328,38.349,45.693,2091.726,80.469,17.778,23.684,561.793,56.73,0
24.346,24.349,937.925,57.689,33.609,32.352,1651.534,75.319,13.65,16.107,272.991,34.396,0
26.346,28.126,1170.872,75.799,28.297,35.661,1274.99,75.533,24.939,26.73,790.093,57.454,0
17.306,19.886,403.627,35.317,29.167,31.767,1208.088,63.953,20.329,23.059,592.593,45.355,0
15.293,19.769,392.683,58.248,27.573,31.77,1009.978,55.464,20.031,23.8,639.921,52.776,0
15.995,18.716,365.639,35.315,31.305,34.971,1263.451,62.332,15.397,19.003,400.896,44.17,0
18.206,23.063,549.537,51.105,32.649,37.244,1428.061,68.149,15.142,17.825,321.153,32.495,0
21.062,21.731,631.161,54.315,32.56,36.48,1433.521,64.041,19.217,22.931,614.224,54.043,0
11.923,14.896,234.83,35.264,35.928,36.034,1929.641,92.875,25.548,29.169,866.779,62.819,0
23.091,21.471,754.619,54.482,38.053,38.296,2415.0,101.638,23.465,26.006,837.247,72.786,0
18.305,20.662,432.495,38.73,33.266,36.696,1497.877,72.538,18.996,23.363,572.236,50.75,0
19.48,22.698,515.388,43.451,36.628,39.105,1886.064,80.386,31.932,33.459,1362.828,74.637,0
20.24,21.432,627.996,48.061,31.738,36.525,1378.589,67.934,26.266,14.758,907.708,61.694,0
24.402,24.459,840.626,63.402,35.751,34.291,1949.704,92.202,29.287,18.785,1210.606,72.311,0
38.023,17.544,1738.686,75.521,41.908,42.336,2491.178,86.774,28.676,26.311,1129.118,62.015,1
22.427,24.317,816.29,62.245,35.801,36.074,2200.598,99.487,14.973,17.508,328.355,33.754,1
21.654,22.613,760.112,56.725,40.524,34.446,2160.982,71.955,28.069,33.943,1251.736,83.023,1
19.603,18.065,596.224,53.623,31.145,38.067,1454.359,77.16,24.734,29.368,994.479,72.765,1
18.971,23.426,583.041,57.696,38.021,41.724,1873.062,77.814,23.209,27.714,887.637,70.804,1
18.652,22.749,549.236,47.648,36.784,42.216,1785.421,74.742,22.688,23.748,862.471,67.091,1
19.254,22.276,528.708,43.393,30.16,34.124,1201.685,65.969,25.711,27.986,1296.259,78.278,1
57.445,56.924,5334.83,143.708,42.737,56.343,3781.55,213.273,14.125,14.727,317.883,42.132,1
212.211,133.056,62737.465,504.633,830.119,746.509,1246373.25,2133.724,45.709,55.803,3361.132,137.877,1
513.057,311.058,354828.406,958.01,1802.192,128.735,3264470.0,2029.15,180.878,210.334,57675.441,726.607,1
774.189,257.336,665591.187,1409.332,1402.926,101.621,1978527.5,1578.602,590.878,313.789,447599.969,1125.516,1
1211.823,319.643,1570685.5,1647.404,1043.499,932.363,1153191.75,1227.869,640.045,94.151,418521.719,781.194,1
1217.459,256.069,1547776.625,1479.592,844.314,104.973,723885.687,1077.396,747.035,249.964,620543.75,1310.862,1
969.2,188.701,974956.187,1204.708,571.195,50.071,328770.75,651.487,531.475,183.009,315957.844,891.143,1
638.732,356.757,498899.719,932.069,786.878,866.589,765554.375,1539.384,353.121,139.017,144020.047,650.893,1
411.018,441.104,224895.156,767.273,1314.165,95.191,1736090.375,1478.726,170.306,103.511,38824.906,363.763,1
206.268,136.146,60676.328,421.148,1022.185,74.045,1050344.125,1150.184,90.754,117.158,13971.699,271.654,1
501.491,222.066,300806.906,965.562,795.077,57.592,635463.812,894.637,187.676,150.447,48705.945,435.662,1
672.471,152.192,475379.375,925.26,618.427,44.795,384458.25,695.867,261.492,101.844,78750.508,458.986,1
860.624,93.068,749334.562,1020.429,481.025,34.843,232598.641,541.259,281.674,100.499,89440.203,447.71,1
841.289,82.501,714572.937,1000.596,374.15,27.103,140723.0,421.002,365.191,91.929,141815.234,488.089,1
872.022,143.11,780903.125,1130.402,291.021,21.08,85137.656,327.464,328.44,74.199,113378.047,428.329,1
709.545,260.638,571385.5,1396.9,226.362,16.397,51508.477,254.707,369.717,167.833,164858.266,689.863,1
745.005,200.735,595327.5,1020.687,176.068,12.754,31162.721,198.116,338.691,62.14,118572.672,465.925,1
667.662,249.031,507789.313,1137.302,136.949,9.92,18853.477,154.098,315.776,100.617,109838.078,534.227,1
496.682,187.711,281928.094,771.036,106.521,7.716,11406.295,119.86,287.564,109.497,94682.398,483.684,1
393.052,306.131,205556.547,784.478,82.854,6.002,6900.757,93.229,258.818,67.588,71554.828,370.615,1
346.064,289.237,147681.484,612.464,64.445,4.668,4174.904,72.515,233.557,65.223,58803.039,388.182,1
346.722,335.061,164026.031,764.118,50.126,3.631,2525.788,56.403,186.908,97.457,44432.625,357.04,1
240.124,218.784,81986.594,527.431,38.988,2.824,1528.05,43.871,149.929,160.551,37078.547,422.633,1
89.074,109.448,12074.174,248.533,30.325,2.197,924.413,34.123,144.722,109.277,29154.408,339.795,1
138.623,177.841,32695.211,414.68,23.587,1.709,559.244,26.54,103.203,121.546,18340.23,343.077,1
162.363,201.249,40529.02,397.189,18.345,1.329,338.318,20.643,93.152,99.406,12130.224,208.11,1
126.404,132.238,21144.215,302.186,14.269,1.034,204.659,16.056,57.973,63.461,4515.489,121.019,1
134.143,154.477,27714.203,332.884,11.097,0.804,123.801,12.488,74.575,89.905,8305.586,226.276,1
175.879,130.908,46476.012,458.763,8.631,0.625,74.89,9.712,48.518,61.253,3813.434,128.944,1
158.56,151.5,42502.031,471.164,6.713,0.486,45.299,7.554,62.193,61.146,5158.204,135.265,1
150.302,144.976,33646.242,341.234,5.221,0.378,27.398,5.875,48.494,58.933,3473.136,119.592,1
135.23,117.473,30300.043,424.13,4.06,0.294,16.571,4.569,32.264,39.214,1566.58,91.723,1
106.729,90.355,17614.852,257.415,3.157,0.229,10.02,3.553,74.591,85.398,7900.011,189.261,1
95.737,91.623,12574.166,212.894,2.455,0.178,6.058,2.763,82.484,59.982,9055.298,168.127,1
146.541,111.531,30467.963,459.777,1.908,0.139,3.66,2.148,73.983,52.291,6971.335,163.701,1
124.416,89.917,20883.35,280.068,1.483,0.108,2.211,1.669,86.267,76.192,11529.753,237.13,1
144.508,35.231,22123.73,239.35,1.153,0.084,1.335,1.297,88.454,70.411,12781.876,258.245,1
149.525,94.609,31121.895,338.579,0.896,0.065,0.807,1.008,96.068,86.343,15268.589,224.282,1
117.156,41.967,15486.727,224.606,0.696,0.051,0.486,0.783,96.239,49.673,11729.401,179.556,1
146.052,54.763,24330.162,243.897,0.54,0.039,0.293,0.608,87.062,82.501,12042.656,195.866,1
128.043,27.603,17156.957,180.871,0.419,0.031,0.177,0.472,73.766,48.859,7007.239,189.947,1
106.789,54.987,14427.527,263.501,0.325,0.024,0.106,0.366,79.093,74.916,10593.66,244.783,1
123.028,53.031,17948.047,241.39,0.252,0.019,0.064,0.284,61.611,65.032,5331.987,152.8,1
100.513,95.404,15109.571,289.192,0.195,0.014,0.038,0.22,45.528,53.605,3354.789,110.847,1
79.521,67.861,8459.454,199.255,0.151,0.011,0.023,0.17,52.08,57.533,3883.325,146.905,0
72.326,88.187,8074.733,180.345,0.117,0.009,0.014,0.131,66.755,73.003,6239.764,150.951,0
90.044,115.81,14044.026,314.846,0.09,0.007,0.008,0.102,75.943,91.084,8309.882,200.146,0
71.615,82.407,7651.192,198.599,0.069,0.005,0.005,0.078,27.519,34.475,1229.681,74.456,0
89.616,112.386,12673.771,251.3,0.053,0.004,0.003,0.06,61.573,65.225,4813.179,129.494,0
63.878,80.866,7232.273,213.118,0.041,0.004,0.002,0.047,46.289,57.996,3602.404,176.722,0
1135.789,535.262,1576522.125,1747.408,0.031,0.002,0.001,0.034,108.667,127.835,16439.816,266.983,0
1474.155,106.782,2184534.75,1658.75,0.024,0.002,0.001,0.027,131.681,164.411,28929.773,314.877,0
1146.629,83.058,1321656.5,1290.211,1104.684,983.055,2186689.0,2251.875,92.239,94.012,15891.233,297.19,0
819.685,91.532,680261.5,999.593,1693.264,122.486,2882147.25,1890.923,141.744,58.38,23499.607,253.777,0
638.636,117.104,421569.531,798.632,1310.969,97.487,1728142.375,1482.457,215.371,180.164,72148.367,437.915,0
157.629,175.417,38809.742,416.224,893.383,501.501,836155.437,1042.984,576.81,91.1,341009.563,691.254,0
342.355,105.566,128351.094,500.76,818.173,780.281,742195.125,1579.686,511.802,103.295,272611.5,654.643,0
590.769,48.209,351332.563,715.575,1294.416,122.94,1690628.125,1591.609,245.611,127.682,76627.258,474.598,0
698.641,49.231,490523.313,762.581,1000.493,73.426,1006377.5,1130.396,87.939,87.93,8859.49,151.052,0
780.542,26.353,609939.875,821.839,937.457,998.005,996511.437,1422.869,231.851,61.219,57502.461,331.531,0
798.212,30.549,638075.312,855.905,1166.832,84.52,1368641.5,1312.944,339.9,57.371,118823.594,436.964,0
762.773,27.373,582571.687,816.907,907.586,65.741,828034.937,1021.236,410.667,38.293,170114.016,475.017,0
660.289,31.979,437003.688,714.637,705.939,51.135,500965.0,794.338,417.737,15.321,174739.266,444.781,0
585.119,42.503,344170.375,654.953,549.094,39.774,303086.156,617.852,373.775,56.956,142951.609,475.297,0
489.985,44.553,242070.484,543.864,427.096,30.937,183368.312,480.578,311.847,32.042,98275.148,372.585,0
381.218,31.302,146307.125,429.979,331.713,24.182,110618.0,373.803,240.475,32.078,58857.434,308.616,0
253.269,27.601,64907.047,333.982,258.504,18.726,67174.914,290.874,168.576,38.12,29871.062,235.522,0
175.194,44.062,32634.221,228.477,201.069,14.564,40640.906,226.248,114.85,32.94,14275.534,155.418,0
97.262,21.728,9931.984,148.655,156.395,11.329,24587.773,175.979,53.107,24.451,3418.205,94.644,0
41.38,27.074,2354.729,90.592,121.646,8.812,14875.492,136.88,33.605,38.949,2150.161,120.888,0
22.249,18.376,677.165,45.782,94.618,6.854,8999.524,106.467,53.416,55.311,5060.874,172.717,0
74.517,21.038,5995.334,111.559,73.595,5.331,5444.627,82.811,63.211,32.869,5075.928,118.358,0
80.826,23.099,7066.408,147.695,57.243,4.147,3293.979,64.411,80.544,34.488,7676.759,151.183,0
97.543,23.219,10053.831,175.918,1251.661,525.643,1824826.375,1903.153,97.582,47.613,11563.4,184.375,0
129.79,15.894,17097.967,156.248,2240.741,211.199,5065526.0,2524.447,115.689,33.292,14492.301,181.911,0
138.495,34.268,20355.182,186.031,2652.408,85.554,7042590.0,2806.251,114.637,32.144,14174.956,167.385,0
112.566,27.724,13439.645,145.163,2194.738,158.978,4842150.0,2469.564,121.701,27.602,15573.006,183.418,0
114.522,27.843,13890.612,174.164,1707.115,123.657,2929532.25,1920.881,118.604,29.805,14955.339,162.53,0
98.473,16.616,9973.065,126.327,1327.831,96.181,1772385.5,1494.103,100.866,41.82,11922.952,167.132,0
106.157,27.567,12029.329,165.074,1032.815,74.812,1072304.5,1162.145,77.666,30.416,6957.099,124.99,0
97.984,25.994,10276.583,151.574,803.346,58.192,648751.062,903.941,77.514,31.357,6991.629,132.941,0
73.852,25.33,6095.681,121.723,624.86,45.263,392498.625,703.105,55.522,22.068,3569.624,103.582,0
68.579,19.926,5100.135,101.124,486.03,35.205,237464.141,546.89,70.672,39.39,6546.12,139.412,0
75.652,28.807,6553.167,142.888,378.044,27.384,143667.312,425.383,51.193,39.819,3264.124,92.793,0
72.797,21.681,5769.544,120.282,294.051,21.301,86919.648,330.872,45.135,33.061,2478.998,86.5,0
63.866,23.626,4637.016,118.297,228.719,16.568,52586.922,257.359,39.117,16.583,1805.124,69.333,0
51.505,23.949,3219.92,90.935,177.903,12.887,31815.426,200.18,30.397,19.322,1192.351,63.836,0
34.39,22.985,1658.611,76.658,138.377,10.023,19248.529,155.704,30.247,29.341,1223.696,61.457,0
46.094,32.443,3121.378,118.524,107.632,7.797,11645.483,121.11,27.365,25.188,1139.362,72.682,0
48.096,27.339,3060.685,105.021,83.719,6.064,7045.59,94.202,18.089,23.34,570.779,56.905,0
28.734,23.231,1104.559,69.246,65.118,4.717,4262.628,73.272,23.395,27.32,820.199,54.065,0
27.436,22.436,1111.768,75.105,50.65,3.669,2578.917,56.993,21.307,24.349,612.501,44.506,0
22.133,20.939,711.234,61.458,39.397,2.854,1560.262,44.33,26.095,25.844,916.331,53.347,0
22.57,23.474,735.274,56.948,30.644,2.22,943.968,34.481,36.217,42.849,1836.279,77.856,0
36.126,25.801,1639.957,71.529,23.835,1.727,571.107,26.82,26.322,34.627,1290.63,82.48,0
32.893,21.629,1544.776,77.659,18.54,1.343,345.523,20.861,20.482,23.61,601.798,47.757,1
29.304,25.171,1155.513,66.85,14.421,1.045,209.044,16.226,33.249,42.673,1821.553,109.373,1
26.954,25.805,941.351,57.847,11.217,0.812,126.473,12.621,24.344,25.909,852.225,63.283,1
26.953,20.576,1017.854,60.386,8.725,0.632,76.517,9.817,17.989,22.322,570.687,64.029,1
25.777,27.655,943.242,54.951,15.051,22.283,536.54,62.796,36.168,45.075,2048.85,85.374,1
32.876,40.241,1620.115,80.707,125.799,87.47,23476.279,325.022,22.605,29.207,855.175,69.996,1
77.648,79.386,12172.236,272.431,526.717,319.809,379707.875,1166.099,48.322,59.537,4165.732,139.916,1
145.788,176.498,31196.883,311.606,2222.793,967.142,5876173.5,3568.425,102.21,109.069,20346.055,386.075,1
524.8,238.104,332108.906,1147.225,2955.869,214.108,8783006.0,3326.006,580.825,220.818,386118.469,1155.402,1
737.983,262.798,613681.812,1195.436,1655.528,1073.083,3791826.5,2587.038,1176.2,294.905,1470414.75,1725.509,1
1460.241,182.878,2165748.25,1714.347,273.961,128.192,91487.656,513.816,893.255,280.706,876700.625,1507.742,1
1360.705,98.562,1861233.125,1531.094,1260.556,872.515,2323354.25,2092.722,416.385,178.747,205326.797,698.824,1
1058.199,76.822,1125686.125,1190.917,1599.564,115.866,2572031.0,1799.863,137.174,116.229,25034.346,267.658,1
809.543,75.844,661112.062,926.366,1244.175,90.124,1556093.25,1399.972,142.197,87.12,27562.186,276.535,1
215.301,244.211,87384.609,723.98,967.745,70.1,941444.75,1088.927,275.259,84.704,82942.109,441.494,1
315.385,181.014,127338.477,590.593,752.732,54.526,569578.812,846.99,359.486,103.97,140039.922,495.69,1
543.949,219.204,343931.0,961.526,585.49,42.411,344597.188,658.806,405.909,62.657,168688.047,508.809,1
778.689,120.857,620963.25,976.445,455.406,32.988,208482.703,512.432,378.983,71.706,148770.187,507.439,1
853.742,106.58,740233.937,1020.362,354.223,25.658,126132.602,398.58,389.769,70.881,156943.812,487.58,1
896.871,52.8,807165.625,999.238,275.522,19.958,76310.477,310.023,367.071,69.742,139605.375,478.664,1
839.068,131.494,721326.375,1006.254,214.306,15.523,46167.988,241.142,331.328,83.314,116719.453,466.445,1
807.958,91.876,661237.375,1000.057,166.691,12.075,27931.631,187.564,280.051,63.864,82507.281,413.618,1
691.413,75.296,483721.406,865.388,129.655,9.392,16898.648,145.891,274.496,66.788,79808.984,395.818,1
599.108,90.823,367179.75,749.857,100.848,7.305,10223.6,113.476,227.741,72.191,57077.477,376.125,1
460.476,90.306,220193.0,620.969,78.44,5.682,6185.197,88.263,185.818,60.11,38141.445,283.025,1
376.895,62.492,145954.781,528.789,61.012,4.42,3741.964,68.652,141.263,72.974,25280.375,281.533,1
242.803,115.25,71729.742,399.682,47.456,3.437,2263.903,53.398,128.008,63.488,19904.697,243.183,1
199.467,109.935,51746.086,421.291,36.912,2.674,1369.64,41.534,106.674,48.075,13467.184,184.483,1
139.692,123.879,26531.988,287.017,28.71,2.08,828.593,32.305,87.831,84.211,10156.313,202.479,1
113.528,125.228,17500.121,272.527,22.331,1.618,501.276,25.127,84.033,103.422,13545.827,281.83,1
69.079,81.763,7347.708,156.595,17.368,1.258,303.244,19.544,76.372,85.798,7997.252,191.47,1
78.978,89.41,9592.796,236.444,13.509,0.979,183.443,15.201,72.106,82.253,7609.583,176.365,1
53.223,57.39,3918.646,147.063,10.507,0.761,110.967,11.823,53.583,49.113,4219.123,144.169,1
71.601,77.66,7444.747,201.064,8.172,0.592,67.125,9.195,84.328,80.585,10130.337,196.687,1
60.686,48.161,5408.876,143.056,6.355,0.461,40.603,7.152,48.541,47.153,3797.401,132.312,1
72.323,65.943,7550.823,190.622,4.943,0.358,24.558,5.562,56.7,32.258,4196.321,103.213,1
93.177,73.785,12423.723,228.527,3.844,0.279,14.852,4.326,50.776,39.932,3337.316,105.68,1
96.531,52.119,12034.65,212.987,2.989,0.217,8.98,3.364,63.469,30.248,4943.294,113.969,1
159.307,78.737,31578.238,322.441,2.324,0.169,5.431,2.615,75.882,31.306,6738.104,150.085,1
94.741,56.192,12133.352,204.907,1.807,0.131,3.283,2.034,66.376,52.078,6767.375,166.582,1
93.348,77.159,11521.411,183.365,1.405,0.102,1.983,1.581,80.092,54.038,8916.002,181.262,1
94.158,71.539,10724.539,191.487,1.091,0.079,1.197,1.229,61.466,41.44,5181.073,145.844,1
53.51,53.408,5118.705,209.893,0.848,0.062,0.723,0.955,65.42,52.988,5774.922,143.421,1
89.637,89.666,12220.54,245.414,0.659,0.048,0.436,0.742,49.765,52.883,3846.433,129.431,1
119.056,67.848,17570.449,219.786,0.512,0.037,0.263,0.576,34.924,41.543,2062.194,113.935,1
99.662,72.355,14673.829,254.375,0.397,0.029,0.159,0.448,51.835,56.881,3453.504,115.766,1
168.221,74.332,33823.48,374.441,0.308,0.023,0.095,0.347,48.384,58.292,3409.845,110.318,1
130.231,99.431,24979.904,290.33,0.239,0.018,0.057,0.269,41.8,46.976,2694.802,106.638,1
175.701,78.453,37025.828,334.413,0.185,0.014,0.034,0.208,48.338,59.379,3531.536,138.257,1
140.498,61.168,23481.207,272.15,0.143,0.011,0.021,0.161,32.641,33.014,1784.559,98.366,1
166.895,65.08,32089.516,247.705,0.11,0.008,0.012,0.125,44.238,62.725,3954.869,162.361,1
129.509,94.931,22786.273,235.645,0.085,0.007,0.007,0.096,39.419,39.109,2095.373,89.744,0
100.842,76.287,15747.562,270.47,0.065,0.005,0.004,0.074,48.277,51.846,2948.711,110.567,0
88.808,99.253,10534.397,195.42,0.05,0.004,0.003,0.056,90.451,109.815,12652.374,226.541,0
43.17,52.597,3520.616,155.31,0.038,0.004,0.001,0.044,32.483,44.28,1972.048,111.748,0
62.969,70.284,4993.734,132.984,0.029,0.002,0.001,0.032,43.536,39.731,2595.257,116.203,0
81.71,111.589,13418.919,292.575,0.023,0.002,0.001,0.026,32.612,53.298,2846.258,201.272,0
711.249,565.311,825452.562,1621.952,0.017,0.002,0.0,0.02,88.815,105.637,11159.347,182.429,0
1584.304,102.395,2520503.0,1746.333,0.011,0.002,0.0,0.014,138.614,160.733,26838.385,300.936,0
1191.307,130.546,1436253.5,1402.706,987.768,1001.198,1978070.5,2262.368,173.769,222.18,52200.57,552.851,0
952.727,49.341,910122.75,1032.415,1713.233,130.249,2952131.0,1930.061,103.775,128.793,17426.459,304.242,0
689.749,127.177,491927.844,866.698,1329.83,96.932,1777844.125,1497.793,250.823,203.436,100374.82,546.863,0
184.2,149.468,47308.191,351.721,922.973,700.057,878684.25,1159.396,459.668,85.816,218658.812,628.532,0
281.91,103.715,90230.0,445.015,752.27,494.388,588816.812,1147.724,410.511,89.69,176563.719,553.936,0
508.062,66.18,262506.813,622.973,1329.164,127.657,1782974.5,1594.213,181.072,108.551,43320.621,408.949,0
624.79,43.039,392215.469,691.61,1025.443,74.996,1057157.25,1143.527,108.612,101.019,15797.742,222.301,0
658.049,29.96,433926.281,712.354,876.901,914.666,874516.375,1411.659,231.741,48.251,56031.977,311.154,0
696.287,23.748,485379.438,751.901,1193.075,86.42,1430897.5,1342.474,332.291,90.735,118650.5,518.992,0
707.075,37.184,501338.313,794.04,927.999,67.22,865700.625,1044.204,400.96,24.366,161362.578,440.448,0
658.176,33.224,434299.844,705.993,721.817,52.284,523753.719,812.204,388.696,41.255,152786.453,471.399,0
578.724,28.697,335745.188,617.667,561.444,40.668,316873.531,631.749,362.802,26.403,132322.391,416.056,0
495.515,30.774,246482.094,555.53,436.703,31.633,191709.797,491.387,287.41,17.012,82894.055,324.515,0
403.861,37.794,164531.766,478.909,694.391,896.878,850255.75,1921.301,237.053,43.048,58047.227,327.517,0
251.987,55.45,66572.031,362.677,1560.173,116.191,2447639.0,1813.531,147.505,32.326,22802.59,196.006,0
165.236,27.11,28037.838,209.519,1220.927,84.544,1497809.875,1370.028,69.225,23.631,5350.542,102.996,0
75.156,18.293,5983.024,103.774,593.409,649.584,485280.375,1068.757,28.355,37.742,1432.304,88.121,0
54.535,20.568,3397.112,87.306,1021.858,100.564,1054306.125,1158.99,24.673,29.403,904.541,60.239,0
67.737,21.644,5056.818,109.154,833.521,59.569,698305.062,938.466,49.571,54.769,3483.901,116.003,0
43.47,21.947,2371.324,92.323,648.838,46.999,423199.031,730.085,31.953,30.962,1805.851,102.181,0
23.801,28.35,804.076,66.446,504.679,36.557,256037.703,567.876,63.997,14.633,4309.753,87.281,0
34.479,25.91,1554.448,70.212,392.55,28.434,154903.922,441.706,75.433,21.898,6169.719,117.945,0
52.488,24.189,3340.088,108.863,305.333,22.117,93717.242,343.567,92.65,23.844,9152.619,136.557,0
77.355,24.583,6588.144,124.073,237.494,17.203,56699.273,267.233,101.911,31.0,11346.929,145.27,0
98.781,19.882,10153.053,138.709,184.727,13.381,34303.102,207.859,118.819,25.347,14760.49,164.312,0
103.159,15.06,10868.506,134.635,143.684,10.408,20753.314,161.676,111.024,24.618,12932.456,165.426,0
131.685,20.155,17747.035,171.283,362.946,237.735,167450.937,676.868,118.859,16.556,14401.534,151.749,0
123.643,22.279,15783.947,154.115,846.992,106.036,728639.437,1010.168,107.942,19.756,12041.713,142.396,0
128.377,24.323,17072.352,169.837,1073.97,95.563,1162544.125,1222.049,116.272,23.54,14073.293,149.646,0
121.673,27.136,15540.608,162.207,1220.943,78.749,1496904.375,1348.997,111.134,29.941,13247.296,165.434,0
108.998,24.483,12479.969,147.532,1281.894,72.56,1648517.0,1410.5,101.002,18.372,10538.83,128.804,0
105.078,24.186,11626.396,137.514,1301.459,70.025,1698699.875,1409.156,78.715,29.486,7065.46,122.473,0
96.304,20.019,9675.27,126.008,1226.128,74.71,1508971.875,1358.609,78.135,32.518,7162.449,143.028,0
63.825,27.918,4853.099,115.912,1183.901,84.616,1408780.375,1318.153,53.312,18.844,3197.317,99.175,0
48.817,21.003,2817.728,91.779,1058.015,75.945,1125163.875,1191.458,41.207,18.887,2042.421,73.305,0
37.74,26.362,1999.019,91.645,980.926,78.64,968400.812,1126.6,16.161,19.429,556.987,56.169,0
26.6,26.688,1216.366,78.306,851.482,82.704,731861.25,1015.414,17.397,20.039,494.18,50.399,0
20.802,25.297,686.505,59.78,711.039,92.652,514161.281,887.752,41.812,44.595,2184.914,81.527,0
30.425,20.265,1336.366,72.454,570.035,79.249,331220.75,723.285,24.988,15.075,797.535,44.829,0
21.091,26.733,795.129,67.208,463.133,79.438,220802.359,591.131,32.45,32.364,1498.531,67.592,0
23.813,27.043,817.755,52.607,352.894,68.598,129239.719,461.541,31.141,30.286,1332.978,64.724,0
21.005,24.259,738.586,60.74,291.471,79.968,91350.539,405.37,27.673,14.73,938.784,53.585,0
17.764,21.079,447.052,42.814,184.369,84.095,41063.855,342.479,26.984,21.832,986.255,62.796,0
22.875,23.183,650.844,42.512,119.826,67.309,18888.773,212.607,40.422,43.161,2682.008,102.526,1
33.694,25.388,1564.757,70.708,57.436,65.93,5057.752,159.512,26.015,32.162,1065.943,66.065,1
31.375,26.258,1402.675,67.664,60.638,67.954,5520.369,152.339,13.502,15.89,253.13,31.138,1
17.332,13.655,420.655,36.883,87.598,71.748,11231.555,184.91,19.401,20.973,526.37,49.387,1
19.013,17.989,532.338,52.197,107.04,72.971,16557.533,226.744,24.66,30.134,908.122,75.847,1
23.734,32.469,1056.229,101.569,188.175,74.682,40987.078,287.719,29.007,36.743,1441.093,92.098,1
83.063,91.819,10089.56,163.132,353.18,192.737,161883.344,1064.366,38.292,47.308,2238.163,103.36,1
258.366,245.984,108167.844,627.834,2800.37,477.363,8069950.0,3302.953,252.974,303.637,140977.187,827.22,1
606.768,277.465,445154.281,1067.585,2449.616,177.441,6032106.0,2756.36,1080.468,287.738,1250203.5,1724.913,1
1075.909,273.938,1232621.5,1614.615,548.257,858.213,861424.875,2143.955,1322.283,245.402,1808654.125,1830.423,1
1497.438,111.017,2254645.25,1662.786,59.019,64.509,5138.818,159.472,811.925,292.288,744654.25,1504.841,1
1200.166,86.936,1447956.125,1350.452,623.811,787.926,931737.75,2006.738,499.506,379.037,358532.375,1191.357,1
933.514,67.62,876020.375,1050.41,1696.012,122.848,2891547.5,1908.388,96.83,117.844,14754.474,290.976,1
703.939,88.548,503370.125,817.03,1319.193,95.557,1749401.875,1484.384,268.209,155.596,93783.289,569.718,1
214.953,278.227,77846.648,604.206,1026.096,74.326,1058397.5,1154.585,380.917,145.147,166165.703,566.968,1
533.8,195.283,323078.031,852.912,798.119,57.812,640335.562,898.06,438.886,61.474,196400.234,519.369,1
744.924,219.235,602976.25,1052.479,620.793,44.97,387406.125,698.53,473.727,73.988,229891.922,584.892,1
871.794,90.89,768286.375,1073.778,482.865,34.978,234382.5,543.331,486.102,120.88,250906.781,676.708,1
938.032,193.98,917532.5,1282.562,375.583,27.205,141802.781,422.614,472.686,110.781,235704.437,756.411,1
916.865,112.684,853340.0,1173.741,292.136,21.161,85791.187,328.718,433.629,61.137,191771.641,511.89,1
849.611,170.017,750744.062,1155.073,227.228,16.459,51903.676,255.683,405.01,108.246,175750.187,589.417,1
720.442,129.886,535907.625,926.215,176.743,12.803,31401.85,198.875,379.616,120.404,158605.516,597.262,1
658.995,106.99,445721.281,871.531,137.473,9.958,18998.051,154.688,312.06,87.956,105117.969,478.383,1
570.86,104.836,336871.469,730.473,106.929,7.746,11493.812,120.319,303.143,53.012,94705.883,417.738,1
467.106,143.821,238872.781,702.598,83.171,6.025,6953.704,93.586,227.314,69.854,56551.145,319.189,1
353.254,204.53,163530.922,681.561,64.692,4.686,4206.973,72.793,183.38,28.699,34451.922,242.413,1
346.958,210.133,149998.812,622.13,50.318,3.645,2545.175,56.619,140.104,32.653,20695.412,204.384,1
239.965,203.426,73593.727,481.12,39.137,2.835,1539.775,44.039,102.837,102.968,16722.168,255.952,1
186.348,161.9,47057.41,386.159,30.441,2.205,931.523,34.253,74.148,65.965,8115.984,179.84,1
94.607,119.151,14238.315,269.616,23.677,1.715,563.532,26.642,50.07,55.793,3538.188,106.232,1
123.38,147.349,22521.943,362.147,18.415,1.334,340.909,20.722,53.848,68.405,4905.283,173.016,1
97.33,100.737,11394.849,186.25,14.323,1.038,206.235,16.117,66.34,68.607,6805.842,163.343,1
153.351,136.53,37085.566,357.039,11.14,0.807,124.759,12.536,72.059,74.847,8195.423,197.376,1
149.876,164.431,31136.641,394.809,8.664,0.628,75.453,9.75,78.393,70.997,8156.521,156.679,1
124.36,91.359,22998.783,291.771,6.738,0.488,45.635,7.582,85.102,67.383,11782.935,244.96,1
154.315,76.978,29738.738,304.08,5.24,0.38,27.597,5.896,79.266,44.873,7882.544,161.45,1
140.862,117.201,31728.619,367.248,4.074,0.295,16.686,4.585,105.748,80.862,13155.125,182.786,1
167.516,132.649,44297.625,422.562,3.168,0.23,10.089,3.565,71.948,51.869,6861.187,143.239,1
171.696,121.514,39610.02,410.568,2.463,0.179,6.099,2.772,67.205,50.831,6860.129,167.131,1
132.356,86.514,24223.633,261.727,1.915,0.139,3.686,2.155,68.755,37.296,5754.249,113.389,1
163.103,99.224,35886.734,398.176,1.489,0.108,2.228,1.676,78.345,71.903,8447.905,154.875,1
151.496,148.049,30673.768,316.1,1.157,0.084,1.346,1.302,100.367,33.071,11167.135,175.267,1
71.663,77.773,8211.836,204.445,0.899,0.065,0.813,1.012,64.379,40.393,5776.306,173.222,1
146.003,136.781,28101.967,301.561,0.699,0.051,0.491,0.787,63.786,41.648,5311.326,145.556,1
158.355,148.845,36698.656,385.873,0.543,0.04,0.296,0.611,80.461,54.782,8594.012,175.697,1
188.677,162.821,48800.641,371.124,0.422,0.031,0.179,0.475,65.347,40.902,5501.261,129.225,1
134.486,151.868,29191.9,365.505,0.327,0.024,0.107,0.368,63.838,54.927,5577.743,156.145,1
200.446,215.202,75407.07,720.019,0.253,0.019,0.064,0.286,41.344,37.19,2368.133,89.819,1
123.359,109.751,21405.564,307.862,0.196,0.015,0.039,0.221,73.02,82.594,7678.38,144.455,1
148.743,148.98,29765.312,351.176,0.152,0.011,0.023,0.171,51.897,55.616,3689.202,118.83,1
76.295,90.388,8571.009,224.301,0.117,0.009,0.014,0.132,54.361,64.4,4944.811,151.711,1
102.501,121.801,15921.996,284.503,0.09,0.007,0.008,0.102,44.923,55.327,3127.997,158.66,0
60.412,84.702,7823.858,259.156,0.07,0.005,0.005,0.078,54.803,60.723,4225.08,131.449,0
119.489,153.651,24087.842,399.412,0.053,0.004,0.003,0.06,33.017,28.08,1708.002,77.407,0
97.645,123.897,15358.932,235.053,0.041,0.004,0.002,0.047,59.585,76.942,6067.813,151.529,0
75.964,88.941,8563.274,183.244,0.031,0.002,0.001,0.034,61.093,68.456,5334.404,149.946,0
123.513,147.196,21860.336,320.199,0.024,0.002,0.001,0.027,54.959,65.129,4340.416,136.443,0
128.275,150.911,23043.295,325.854,0.018,0.002,0.0,0.021,32.23,37.425,1409.7,71.5,0
97.21,120.16,14586.646,296.878,0.012,0.002,0.0,0.015,38.334,48.636,2681.101,122.111,0
136.59,161.698,26408.68,326.281,0.008,0.0,0.0,0.009,74.0,92.768,8608.057,221.113,0
49.614,59.082,4047.997,154.218,0.008,0.0,0.0,0.008,51.791,54.7,3375.545,96.519,0
273.439,196.326,110144.609,575.67,0.008,0.0,0.0,0.008,26.664,20.235,1106.087,72.759,0
858.037,100.875,746403.5,1028.933,0.008,0.0,0.0,0.008,32.701,38.829,1698.93,103.414,0
841.739,130.627,725587.812,1048.512,0.008,0.0,0.0,0.008,108.022,121.07,17219.473,262.223,0
750.592,144.153,584168.25,942.114,1233.307,1003.243,2527528.25,2331.82,91.951,110.984,17181.676,319.371,0
405.594,65.479,168794.234,515.848,1673.755,131.5,2818747.75,1902.337,139.027,175.477,31220.598,360.539,0
393.093,59.985,158120.594,491.636,1294.287,95.796,1684355.0,1445.289,102.574,126.263,15957.973,265.962,0
364.584,57.253,136199.687,457.767,888.198,534.325,833794.562,1057.853,323.572,98.68,114436.953,456.882,0
88.707,101.551,11099.541,200.301,768.937,55.698,594367.187,865.225,418.884,52.48,178217.875,515.819,0
257.978,74.049,72035.82,395.408,882.372,984.663,981427.187,1703.983,292.043,81.116,91868.789,442.394,0
426.172,44.456,183598.453,513.138,1320.371,92.105,1751862.125,1500.549,87.06,87.649,10536.079,193.867,0
536.37,28.235,288489.844,588.681,1032.369,72.625,1071059.375,1147.687,120.846,55.583,17693.26,189.467,0
570.591,21.358,326030.625,617.586,1000.913,977.539,1116455.625,1353.964,231.337,40.099,55124.922,300.283,0
568.228,21.355,323339.625,620.525,1055.91,76.486,1120795.875,1188.132,295.189,18.706,87486.383,327.495,0
560.669,27.17,315088.375,603.084,821.309,59.493,678087.812,924.154,329.21,45.785,110475.633,409.901,0
509.394,36.779,260834.656,580.485,638.831,46.274,410246.188,718.826,321.065,34.164,104250.258,376.722,0
451.146,26.218,204220.219,496.93,496.895,35.993,248200.062,559.117,294.135,28.304,87316.578,345.434,0
369.741,32.338,137753.906,449.349,386.495,27.996,150161.828,434.892,247.419,30.235,62130.16,314.203,0
294.591,36.63,88125.328,353.397,300.623,21.776,90848.102,338.267,208.864,34.827,44836.914,250.904,0
197.364,36.658,40296.363,262.35,233.83,16.937,54963.219,263.111,147.122,34.808,22856.592,232.283,0
144.156,31.018,21743.186,182.826,181.877,13.174,33252.68,204.652,108.741,31.456,12814.125,152.5,0
93.2,28.541,9500.811,135.624,141.467,10.248,20117.816,159.182,50.975,23.444,3148.075,98.033,0
51.43,28.426,3453.122,99.895,110.034,7.971,12171.075,123.814,44.09,49.54,2454.556,85.237,0
18.778,21.308,456.334,44.854,85.586,6.2,7363.348,96.303,44.357,25.287,2371.394,80.987,0
36.515,30.19,1747.718,77.36,66.569,4.822,4454.732,74.906,93.446,23.507,9284.708,131.591,0
62.122,30.703,4523.239,98.638,196.837,363.301,144935.391,1160.417,83.506,44.104,8918.485,161.76,0
90.275,22.993,8678.238,129.371,1509.974,260.224,2347738.75,1867.587,131.952,23.218,17950.43,175.209,0
106.054,18.868,11603.509,155.347,2282.36,213.371,5254695.0,2700.759,126.829,55.457,19161.037,240.844,0
117.036,22.579,14207.298,155.761,2591.866,110.925,6730076.0,2795.558,137.664,30.104,19857.592,192.859,0
106.111,16.305,11525.305,151.278,2107.405,152.65,4464458.0,2371.295,122.777,32.611,16137.64,189.932,0
110.364,34.141,13345.818,169.021,1639.185,118.732,2701024.25,1844.444,119.9,35.398,15629.025,189.216,0
115.98,18.894,13808.313,142.605,1274.993,92.352,1634136.75,1434.649,101.042,27.995,10993.264,167.086,0
119.572,31.773,15307.035,186.481,991.717,71.835,988663.5,1115.9,86.644,15.111,7735.603,123.336,0
91.168,19.269,8682.94,130.639,771.379,55.875,598147.875,867.972,77.708,20.588,6462.381,110.018,0
65.255,19.106,4623.243,97.034,599.995,43.461,361883.25,675.127,61.175,41.296,5447.77,135.142,0
40.075,26.812,2096.488,79.04,466.689,33.806,218941.625,525.128,57.105,28.386,3759.585,94.343,0
41.632,27.391,2290.139,79.383,363.001,26.295,132461.094,408.456,45.137,32.397,2986.685,102.25,0
33.558,21.572,1567.823,68.164,282.35,20.452,80139.797,317.706,44.281,32.653,2402.733,111.127,0
32.301,30.594,1349.352,74.873,219.618,15.908,48485.086,247.119,39.025,34.729,1822.377,72.482,0
28.724,26.415,1348.525,76.829,170.824,12.374,29333.777,192.214,25.695,26.714,1035.528,70.249,0
35.208,27.363,1720.364,80.14,132.87,9.624,17747.121,149.508,38.951,40.852,2398.748,97.401,0
40.492,32.602,2078.076,83.621,103.349,7.487,10737.125,116.291,40.818,48.234,2511.973,95.0,0
29.107,30.295,1271.43,68.228,80.387,5.823,6496.029,90.453,31.492,34.516,1340.816,75.865,1
44.496,28.18,2549.206,97.268,62.527,4.529,3930.137,70.357,23.748,29.952,897.608,59.664,1
23.44,18.292,693.364,45.732,48.635,3.523,2377.759,54.725,39.815,47.917,2566.553,119.467,1
24.46,28.526,815.856,58.943,37.829,2.74,1438.559,42.566,28.894,32.725,1131.199,75.087,1
14.983,19.902,414.049,54.995,29.424,2.131,870.337,33.109,25.056,29.566,1112.149,88.836,1
50.628,53.582,4887.205,149.376,22.887,1.658,526.56,25.753,63.801,69.433,6015.375,163.137,1
59.732,76.164,6131.063,155.785,1205.601,1413.698,3408448.0,3808.05,41.603,43.03,2364.411,81.515,1
170.787,89.257,37134.949,419.374,3321.278,240.577,11088762.0,3737.17,58.407,67.697,4583.538,128.799,1
496.213,377.656,325725.625,912.809,2583.36,187.129,6708768.0,2906.851,482.244,198.049,271783.188,724.343,1
784.669,210.996,660223.937,1218.645,1091.025,1094.04,2102778.0,2261.01,1170.207,329.589,1478013.875,1827.511,1
1263.511,303.681,1688682.25,1649.31,191.628,140.851,51527.809,373.237,833.774,174.219,725530.75,1124.83,1
1349.453,91.248,1829350.875,1493.616,1488.765,810.32,2639570.75,1988.639,427.998,192.878,220384.375,773.397,1
1024.542,136.724,1068379.875,1185.354,1445.513,104.709,2100471.25,1626.521,105.952,112.801,18103.781,266.513,1
379.723,266.598,215263.984,929.218,1124.35,81.445,1270796.375,1265.142,106.076,116.139,18489.584,315.001,1
271.559,333.474,112053.898,694.578,874.543,63.349,768838.062,984.054,287.569,80.1,89112.0,415.811,1
411.114,258.117,223251.656,798.991,680.237,49.272,465150.813,765.418,336.238,111.223,125426.922,559.511,1
636.642,98.954,415104.25,823.177,529.102,38.328,281418.375,595.357,364.98,132.883,150868.375,540.942,1
760.797,91.919,587261.0,873.104,411.546,29.81,170259.125,463.081,399.562,62.35,163537.766,483.939,1
835.918,175.871,729689.437,1148.917,320.109,23.187,103007.273,360.193,363.025,43.014,133637.406,448.026,1
811.206,155.743,682310.625,1113.986,248.987,18.035,62319.641,280.165,369.287,57.861,139720.703,459.806,1
771.102,98.254,604251.5,991.816,193.667,14.029,37703.602,217.918,323.529,52.201,107396.25,420.618,1
692.887,129.742,496925.469,930.646,150.637,10.912,22810.645,169.501,283.006,43.692,82001.297,375.317,1
629.488,212.872,441569.438,934.51,117.168,8.487,13800.326,131.84,257.644,43.304,68255.578,344.153,1
544.634,131.803,313998.625,872.695,91.134,6.602,8349.073,102.547,208.753,33.24,44682.516,267.774,1
392.634,68.743,158886.734,533.329,70.886,5.135,5051.127,79.762,179.21,58.676,35559.008,280.068,1
320.664,81.616,109486.609,477.722,55.135,3.994,3055.84,62.04,139.74,42.505,21333.785,219.53,1
250.266,50.28,65161.023,345.219,42.884,3.107,1848.664,48.254,110.055,91.88,17414.586,258.83,1
162.794,88.392,32187.785,281.807,33.355,2.416,1118.367,37.532,100.688,41.455,11856.653,165.526,1
93.484,67.984,12751.863,229.177,25.943,1.879,676.575,29.192,49.786,44.003,3903.748,116.163,1
122.055,154.24,23932.172,378.299,20.178,1.462,409.284,22.705,58.74,63.365,5592.517,161.502,1
76.183,78.062,7955.389,155.71,15.694,1.137,247.592,17.66,28.254,34.165,1203.959,66.16,1
111.443,73.918,17883.445,293.758,12.206,0.885,149.765,13.735,48.082,56.68,3361.287,121.601,1
134.407,102.669,27670.102,366.705,9.493,0.688,90.59,10.682,41.258,45.95,2675.87,119.62,1
151.889,85.268,30341.037,328.383,7.383,0.535,54.796,8.308,52.385,52.786,3552.379,104.851,1
52.743,61.701,4409.442,164.445,5.742,0.416,33.143,6.461,52.122,43.054,4260.935,150.897,1
95.071,89.523,13069.534,244.953,4.465,0.324,20.045,5.025,78.384,64.684,7864.27,161.886,1
125.869,74.44,21384.295,279.791,3.473,0.252,12.124,3.908,55.821,41.929,3746.34,110.605,1
173.674,101.139,39482.754,322.813,2.701,0.196,7.332,3.039,56.185,41.379,4803.922,135.851,1
229.262,77.248,58528.141,382.349,2.1,0.152,4.433,2.363,63.138,40.862,5585.99,138.091,1
144.297,131.712,32752.127,409.829,1.632,0.119,2.679,1.837,55.463,31.205,4049.847,103.442,1
155.679,202.521,54500.0,681.748,1.269,0.092,1.619,1.428,70.82,77.568,9005.879,255.527,1
126.05,136.203,26219.883,374.739,0.986,0.072,0.978,1.11,55.1,39.416,3554.636,92.713,1
155.137,165.037,34802.066,375.369,0.766,0.056,0.59,0.863,66.51,49.292,5695.689,146.64,1
137.873,165.069,34621.426,435.854,0.595,0.043,0.356,0.67,44.463,42.377,3581.445,142.252,1
185.653,189.008,51148.77,441.229,0.462,0.034,0.215,0.521,53.419,42.048,4253.408,127.709,1
125.782,150.575,24789.949,377.708,0.359,0.026,0.129,0.404,56.738,52.617,4304.926,120.787,1
152.536,164.029,42132.5,438.475,0.278,0.02,0.078,0.313,52.408,37.282,3844.492,108.959,1
166.568,212.554,49258.309,529.621,0.215,0.016,0.047,0.243,52.286,53.982,3693.003,114.888,1
109.627,147.173,27219.623,482.409,0.167,0.012,0.028,0.188,50.791,46.281,3208.482,95.496,1
72.632,81.482,7351.608,166.358,0.129,0.01,0.017,0.146,29.479,38.418,1654.447,105.78,1
75.04,98.556,9745.109,224.071,0.099,0.007,0.01,0.112,31.754,35.048,1444.093,85.161,1
109.385,126.603,16028.384,278.718,0.076,0.006,0.006,0.086,49.776,54.388,3975.194,124.434,0
78.497,86.411,9987.07,247.074,0.058,0.005,0.003,0.067,35.242,46.301,2144.513,125.379,0
84.583,98.631,9998.438,181.093,0.045,0.004,0.002,0.051,26.187,31.064,981.975,71.182,0
51.791,51.104,4411.075,146.958,0.034,0.003,0.001,0.039,14.694,18.993,406.247,44.665,0
315.359,221.577,148547.562,673.323,0.027,0.002,0.001,0.03,43.625,50.346,2704.013,114.558,0
789.911,166.255,651601.062,1035.841,0.021,0.002,0.0,0.023,108.021,142.426,21137.977,307.339,0
849.543,63.77,725789.75,942.596,600.798,934.131,1233533.5,2346.508,134.754,152.917,26659.408,303.984,0
664.916,53.693,444996.688,735.887,1841.489,166.791,3418900.25,2195.1,107.784,125.709,15806.308,259.445,0
564.562,36.147,320036.469,621.377,1396.708,106.952,1962232.375,1601.079,63.488,77.699,6178.595,176.171,0
371.308,68.371,142544.109,503.72,993.599,982.228,1018753.625,1208.342,73.861,60.942,8996.441,183.432,0
95.428,94.02,14142.242,244.611,801.328,58.047,645496.75,901.672,304.176,101.618,102849.211,425.956,0
197.654,61.248,42818.398,272.094,1185.125,784.157,1549323.875,1607.262,338.908,36.484,116190.039,410.584,0
374.712,58.092,143783.406,481.769,1110.969,81.616,1240912.75,1254.798,230.712,88.702,61096.105,361.485,0
451.343,23.95,204284.0,481.111,816.033,175.186,696600.562,986.956,84.07,76.998,11024.146,270.052,0
501.632,22.577,252144.062,554.028,1142.905,358.101,1425096.625,1407.944,86.202,81.819,10776.469,239.113,0
525.508,22.46,276663.625,564.755,1013.179,73.39,1031918.375,1140.051,226.808,81.292,58050.148,365.838,0
504.886,22.493,255415.844,537.338,788.072,57.085,624315.687,886.755,319.069,50.446,104349.687,408.842,0
462.793,27.102,214911.937,507.232,612.978,44.403,377713.969,689.736,353.231,52.296,127506.906,455.894,0
422.87,42.975,180665.641,491.334,476.787,34.537,228518.578,536.491,349.666,36.581,123604.398,398.394,0
345.549,27.061,120136.68,391.567,370.854,26.863,138254.25,417.293,310.221,31.817,97249.578,366.3,0
295.168,33.384,88238.594,375.6,288.457,20.895,83644.102,324.578,232.304,25.337,54607.285,289.303,0
232.507,34.929,55279.547,293.715,224.367,16.252,50604.738,252.463,183.594,42.808,35539.391,250.827,0
176.622,27.289,31939.973,221.901,174.517,12.642,30615.842,196.37,136.961,34.455,19945.475,186.807,0
108.192,37.709,13127.45,183.712,135.742,9.833,18522.516,152.74,77.148,31.223,6926.725,128.7,0
47.822,23.369,2786.542,86.983,105.582,7.648,11206.027,118.803,60.51,57.105,4764.247,138.986,0
14.748,17.49,350.001,39.492,82.123,5.949,6779.63,92.407,32.523,39.449,1583.183,78.033,0
15.85,19.272,377.081,49.22,63.876,4.628,4101.553,71.875,56.697,60.784,5405.475,167.308,0
33.381,22.526,1514.824,76.62,166.996,295.53,95303.852,992.993,81.349,20.941,7056.146,133.399,0
53.625,22.894,3399.777,93.213,1397.223,234.802,2007362.875,1813.713,96.784,47.461,11036.237,160.109,0
107.152,27.577,12242.104,148.573,2039.223,208.977,4202103.5,2330.828,132.844,43.621,19550.381,213.294,0
138.264,33.444,20235.418,185.508,2517.213,86.776,6343889.5,2658.197,120.404,45.507,16567.9,204.664,0
171.553,36.767,30782.137,226.788,2210.606,160.129,4912422.0,2487.42,103.089,27.658,11392.258,163.481,0
163.731,30.752,27753.662,214.713,1719.457,124.55,2972046.5,1934.769,85.757,27.408,8105.4,142.842,0
176.972,26.215,32006.213,246.587,1337.431,96.875,1798106.875,1504.905,93.691,42.928,10486.496,169.414,0
87.098,46.742,9770.909,192.376,1040.283,75.352,1087866.125,1170.547,78.71,53.108,7852.395,148.864,0
37.247,22.005,1871.532,73.103,809.154,58.612,658165.937,910.477,107.399,48.327,13870.113,231.34,0
19.41,21.945,502.91,45.603,629.378,45.589,398194.594,708.189,74.132,44.789,7501.529,150.372,0
24.937,32.234,1039.17,79.055,489.544,35.46,240910.359,550.844,84.586,57.075,9795.85,191.145,0
101.336,44.96,12290.461,180.187,380.778,27.582,145752.344,428.459,69.314,32.351,5850.955,131.744,0
85.886,36.027,8674.313,162.207,296.177,21.454,88181.07,333.264,61.961,38.231,4697.505,122.337,0
51.147,36.31,3684.919,106.048,230.373,16.687,53350.086,259.22,57.075,40.233,4380.183,132.225,0
15.779,18.802,358.413,47.984,179.189,12.98,32277.135,201.627,43.041,24.899,2421.479,88.334,0
31.508,32.719,2023.878,116.141,139.377,10.096,19527.867,156.83,32.554,30.765,1644.358,87.45,0
17.063,21.532,497.478,55.404,108.41,7.853,11814.478,121.986,35.923,36.048,2304.156,96.179,0
22.578,21.046,705.318,51.656,84.324,6.108,7147.833,94.883,28.526,27.741,1021.491,55.072,0
24.275,23.214,1027.313,77.473,65.589,4.751,4324.485,73.802,57.181,62.556,4133.768,123.88,0
29.094,27.365,1076.472,53.261,51.017,3.696,2616.341,57.405,28.68,24.05,1112.738,64.895,0
18.74,22.838,522.995,57.171,39.682,2.874,1582.903,44.651,40.224,47.482,2807.451,119.988,0
33.292,31.298,1492.878,66.58,30.865,2.236,957.667,34.73,41.871,46.674,2230.107,71.887,0
18.599,22.674,520.101,47.038,24.008,1.739,579.394,27.014,44.704,44.851,2438.74,85.417,0
33.815,28.929,1665.059,86.21,18.674,1.353,350.537,21.012,37.664,44.313,2010.617,80.553,0
28.367,29.918,1273.1,79.408,14.525,1.052,212.077,16.344,30.898,24.212,1251.136,62.191,1
35.462,27.533,1989.997,89.824,11.298,0.818,128.308,12.712,26.065,29.194,882.347,60.204,1
69.879,35.616,6118.291,114.224,8.788,0.637,77.627,9.888,40.208,49.726,2524.046,116.441,1
64.832,30.899,5100.811,110.546,6.835,0.495,46.965,7.691,30.88,32.895,1275.276,69.366,1
75.359,40.391,7310.35,145.947,5.317,0.385,28.414,5.982,25.785,33.892,1189.616,80.936,1
36.741,48.283,2337.501,122.522,4.912,5.343,37.953,23.074,32.117,36.227,1683.518,94.731,1
98.917,76.895,14455.397,275.145,678.116,630.693,857614.812,2144.833,53.033,60.441,3671.286,123.153,1
171.238,139.18,46983.324,477.92,3340.387,326.897,11265050.0,3799.178,186.65,222.023,74698.297,643.002,1
341.582,148.129,138620.453,743.157,2491.037,671.341,6655962.0,3045.538,886.706,227.207,837871.062,1129.304,1
758.65,245.294,635719.125,1141.088,276.401,84.157,83480.156,421.452,1090.652,148.423,1211551.0,1345.257,1
1061.794,320.512,1230134.75,1761.519,396.4,76.134,162929.469,499.94,731.711,250.8,598301.187,1223.311,1
816.362,244.439,726196.5,1271.484,987.816,1018.407,2012933.875,2242.306,327.537,152.122,130421.5,609.496,1
494.833,317.471,341317.281,929.463,1784.203,129.24,3200081.5,2007.622,115.52,132.739,17743.537,273.263,1
166.034,213.961,54997.852,710.355,1387.79,100.526,1936067.375,1561.571,222.428,84.401,56597.578,402.581,1
206.15,136.583,59390.66,386.889,1079.452,78.191,1171331.0,1214.623,324.108,112.923,117797.461,469.453,1
261.171,196.498,104932.25,660.576,839.62,60.819,708660.937,944.758,412.097,75.701,175554.344,539.664,1
360.214,135.779,148190.078,541.529,653.073,47.305,428742.625,734.852,460.122,67.338,216246.922,540.313,1
428.751,116.755,197459.344,633.767,507.973,36.796,259390.812,571.583,470.157,87.437,228693.219,668.862,1
540.906,126.91,308685.906,795.237,395.112,28.621,156932.672,444.589,432.204,47.683,189073.625,538.674,1
348.538,107.495,133034.172,513.724,307.326,22.261,94944.719,345.81,410.4,71.537,173545.562,547.587,1
423.859,103.736,190417.516,645.814,239.044,17.315,57442.031,268.978,359.227,65.35,133314.953,514.57,1
512.848,58.049,266383.094,686.62,185.933,13.468,34752.496,209.216,317.348,61.174,104451.953,438.953,1
369.067,92.399,144748.203,565.904,144.622,10.476,21025.143,162.732,268.95,46.475,74494.023,368.822,1
247.517,85.119,68510.211,379.917,112.489,8.148,12720.135,126.575,226.223,60.422,54827.555,331.992,1
217.42,109.626,57016.73,388.553,87.495,6.338,7695.605,98.452,198.385,42.583,41170.008,254.19,1
131.306,54.267,20186.039,263.679,68.055,4.93,4655.822,76.578,130.188,44.994,18973.471,241.196,1
154.535,123.009,34051.844,362.187,52.934,3.835,2816.704,59.563,91.841,58.905,10542.64,162.274,1
157.899,140.877,30987.187,308.537,41.172,2.983,1704.022,46.328,77.247,88.416,10598.307,233.029,1
136.163,121.972,26162.867,321.575,32.024,2.32,1030.888,36.034,58.969,78.215,7122.432,205.824,1
169.648,83.073,33781.484,279.384,24.908,1.804,623.663,28.027,83.247,95.253,9409.426,182.003,1
137.962,147.194,33913.766,370.264,19.373,1.404,377.287,21.8,52.588,53.508,3973.714,139.845,1
59.659,80.494,6914.053,189.849,15.068,1.092,228.225,16.955,56.675,48.841,4661.244,132.417,1
86.726,102.213,11098.026,262.399,11.719,0.849,138.051,13.187,78.372,26.354,6836.731,127.37,1
65.64,32.111,5339.683,159.618,9.114,0.661,83.504,10.256,57.872,33.512,4214.863,130.637,1
89.953,108.678,12478.537,210.492,7.088,0.514,50.502,7.976,76.775,51.191,8321.05,161.375,1
64.584,73.3,6814.041,195.426,5.512,0.4,30.541,6.203,60.809,46.683,5236.269,188.608,1
95.821,113.882,13503.246,243.461,4.286,0.311,18.467,4.823,83.249,64.304,10973.22,251.072,1
78.86,97.745,10279.767,205.996,3.333,0.242,11.167,3.751,86.308,63.614,9927.48,217.66,1
117.885,135.786,21403.689,300.672,2.592,0.188,6.752,2.917,80.538,34.454,7673.382,141.927,1
63.949,54.713,6796.216,231.823,2.015,0.146,4.082,2.268,71.23,30.63,6011.853,126.204,1
95.729,98.586,15979.367,287.853,1.567,0.114,2.467,1.763,63.873,43.205,5921.916,157.697,1
86.873,86.447,13052.018,252.739,1.218,0.088,1.491,1.371,65.301,49.961,6107.661,137.599,1
92.198,105.995,13660.479,255.471,0.946,0.069,0.9,1.065,63.364,30.088,4920.313,109.372,1
98.961,65.914,13730.759,233.214,0.735,0.054,0.544,0.828,71.167,43.761,6687.803,169.919,1
86.019,93.911,14932.898,321.604,0.571,0.042,0.328,0.643,42.818,32.777,2698.841,107.148,1
75.153,80.923,7716.666,205.03,0.444,0.032,0.198,0.5,45.49,37.645,3161.725,106.259,1
100.37,102.208,12834.339,181.13,0.344,0.025,0.119,0.388,27.647,23.475,1078.945,65.034,1
69.713,84.436,7817.473,199.285,0.267,0.02,0.071,0.3,29.372,33.564,1506.939,102.013,1
81.208,93.595,8801.024,157.991,0.206,0.015,0.043,0.233,36.16,32.694,1733.019,77.54,1
73.0,89.021,8121.371,202.842,0.16,0.012,0.026,0.18,40.959,44.343,1974.935,69.374,1
43.165,55.308,3228.366,138.184,0.123,0.009,0.015,0.139,44.415,42.113,2497.976,82.369,1
126.768,163.286,28867.418,423.109,0.095,0.007,0.009,0.107,42.565,55.478,3331.324,141.564,0
60.074,77.687,6089.73,190.073,0.073,0.005,0.005,0.082,27.69,36.396,1894.835,129.54,0
80.61,85.239,8577.03,150.031,0.267,0.974,0.965,4.896,16.713,19.242,370.596,36.967,0
76.797,75.334,10867.849,220.044,0.083,0.006,0.007,0.094,27.608,39.499,1726.532,111.036,0
65.885,82.481,7022.658,174.894,0.064,0.005,0.004,0.073,57.743,73.973,5474.112,156.598,0
292.857,160.359,111211.203,566.223,25.152,122.997,15756.111,627.617,217.112,241.471,67108.102,514.271,0
441.832,121.765,210041.953,675.319,1956.612,228.532,3880557.5,2322.052,134.969,154.273,25377.703,289.023,0
825.875,140.43,701789.5,1063.48,1494.684,116.929,2247751.75,1708.269,106.849,85.005,17997.217,260.494,0
863.757,149.114,768311.062,1020.232,1075.597,1023.375,1219414.25,1285.098,398.863,108.359,170833.5,571.255,0
432.721,134.477,205331.047,638.199,864.594,62.63,751445.125,972.859,495.368,65.44,249671.687,618.777,0
60.921,67.882,6616.667,192.429,1076.613,989.4,1311740.5,1585.796,298.439,90.505,97257.109,418.508,0
183.958,76.699,39723.191,322.547,1146.889,81.237,1321953.625,1275.082,87.442,103.872,11741.94,241.134,0
322.709,61.103,107874.57,429.787,896.422,62.127,807432.0,1003.097,191.505,80.148,43098.023,302.62,0
424.823,39.613,182043.937,538.72,1105.375,772.141,1354695.0,1430.817,323.269,73.134,109851.312,490.32,0
467.199,49.914,220766.187,577.883,1061.157,76.866,1131961.75,1194.036,422.005,43.568,179986.687,497.537,0
455.469,28.945,208289.453,502.993,825.39,59.786,684842.25,928.746,437.831,51.593,194357.484,544.378,0
458.356,28.725,210915.375,502.648,642.005,46.505,414332.906,722.398,390.125,44.333,154162.594,482.654,0
410.886,20.05,169229.578,446.413,499.364,36.173,250673.312,561.896,338.802,38.343,116256.891,408.693,0
370.762,37.337,138858.187,447.217,388.415,28.135,151658.125,437.053,258.652,50.249,69425.93,340.919,0
293.914,40.966,88063.703,351.649,1487.604,528.25,2411838.75,1887.806,184.12,48.768,36278.641,301.242,0
203.551,26.213,42120.211,245.505,1324.982,93.993,1764412.375,1482.85,94.88,49.857,11487.977,191.022,0
129.563,13.833,16977.836,158.566,849.207,332.86,831948.562,1159.526,32.541,33.129,1975.421,96.494,0
107.304,19.949,11912.11,151.716,843.357,369.025,828087.812,1174.03,39.496,47.336,2264.101,106.57,0
76.026,25.078,6408.91,124.17,924.833,66.991,859804.25,1040.642,30.708,25.559,1430.978,83.45,0
47.097,16.496,2490.225,80.784,719.354,52.105,520185.688,809.433,58.957,43.835,4112.726,104.084,0
28.654,21.76,1045.503,60.383,559.529,40.53,314715.219,629.593,81.042,37.459,7970.895,139.666,0
21.926,26.363,779.301,57.093,435.213,31.526,190403.906,489.711,98.541,31.757,10718.889,146.388,0
32.288,29.985,1632.165,86.169,338.517,24.52,115194.883,380.906,99.453,26.103,10572.202,148.755,0
19.317,20.237,585.789,52.876,263.305,19.073,69693.383,296.277,122.739,48.694,17436.084,216.996,0
49.583,27.163,3196.137,98.98,204.804,14.835,42164.664,230.45,125.333,45.104,17742.818,226.449,0
61.238,33.458,4869.56,121.794,159.3,11.539,25509.689,179.248,127.872,48.199,18674.305,219.007,0
86.447,29.928,8368.7,134.559,222.855,257.211,75426.953,683.858,116.858,17.975,13978.854,155.329,0
96.79,29.764,10254.259,147.533,746.442,181.33,590056.312,1061.293,105.808,39.07,12721.799,185.213,0
90.331,22.432,8662.867,139.164,1116.192,133.888,1263811.0,1379.497,94.523,29.761,9820.333,142.061,0
106.328,36.417,12631.79,156.895,1327.34,95.187,1770893.0,1474.948,111.935,31.465,13519.434,170.673,0
99.574,33.941,11066.862,159.584,1441.57,107.67,2089717.875,1658.279,86.333,38.99,8973.526,137.656,0
88.917,19.43,8283.676,132.453,1521.946,104.328,2327203.0,1686.092,83.457,23.764,7529.792,128.62,0
53.748,22.856,3411.265,105.533,1548.543,97.954,2407579.25,1686.415,66.37,20.171,4811.807,101.944,0
35.967,14.174,1494.563,61.218,1550.17,94.111,2411884.0,1693.831,53.651,33.574,3816.366,105.927,0
25.787,21.15,863.334,53.405,1388.608,88.818,1936121.5,1548.303,36.408,23.192,1732.401,82.906,0
21.043,22.386,595.346,49.567,1093.44,79.206,1201883.625,1230.361,33.51,38.356,1736.752,85.774,0
22.155,24.095,766.265,65.258,850.501,61.607,727147.187,957.001,39.082,37.034,2159.428,90.995,0
35.109,33.267,1546.247,63.257,661.538,47.919,439928.75,744.376,24.839,30.646,967.688,68.873,0
39.078,31.936,2103.608,91.294,514.559,37.273,266159.75,578.992,36.699,49.321,2736.344,139.0,0
26.292,18.573,853.133,47.678,400.235,28.99,161028.297,450.352,34.646,45.201,2092.666,106.551,0
17.088,17.425,434.69,47.129,311.311,22.55,97423.148,350.294,23.992,26.502,1068.645,72.549,0
21.993,26.192,768.159,64.28,242.145,17.54,58941.605,272.466,25.639,22.321,995.046,67.032,0
35.935,39.888,1615.447,69.368,188.345,13.643,35660.047,211.93,34.162,35.242,2107.027,107.839,0
17.433,20.362,445.48,41.413,137.698,33.036,20052.225,164.844,34.448,31.599,1630.833,65.362,0
20.314,24.103,612.251,58.106,89.122,41.7,9681.619,128.727,35.599,44.833,2301.309,105.035,0
17.879,21.561,508.954,47.849,69.749,73.624,6030.673,123.007,49.182,54.81,4039.395,149.109,1
16.295,22.16,492.502,52.446,81.203,90.794,8570.273,147.992,23.219,27.109,847.01,57.857,1
34.393,40.706,1736.458,90.715,103.748,84.948,16466.92,216.037,19.146,22.051,581.882,52.086,1
29.805,34.71,1483.058,86.981,114.753,90.741,19755.061,282.946,29.477,35.206,1281.941,82.029,1
43.477,47.54,3174.363,118.782,177.529,130.888,43563.891,393.882,17.166,18.077,412.21,39.722,1
165.857,94.206,36383.461,413.462,645.773,378.279,560117.437,1677.919,58.978,70.843,5462.728,153.799,1
289.159,288.698,109470.883,678.896,3084.339,368.884,9649225.0,3538.643,535.657,283.183,367120.594,1193.264,1
546.839,260.618,366954.906,1096.374,2548.001,319.725,6594533.0,2923.515,1347.109,364.935,1947879.625,1936.584,1
1202.989,280.191,1525688.625,1703.672,380.732,235.557,199931.437,806.465,1177.338,268.196,1458055.0,1694.084,1
1279.033,301.042,1726551.375,1615.451,1298.557,915.517,2505952.75,2172.693,573.075,158.569,353558.688,813.559,1
1091.551,183.617,1225198.75,1333.313,1660.69,120.294,2772361.0,1868.643,201.224,172.554,54379.078,367.08,1
550.065,352.735,396841.594,969.689,1291.719,93.567,1677293.75,1453.469,171.269,141.323,42875.605,360.642,1
375.807,407.632,185194.578,725.973,1004.727,72.778,1014772.187,1130.539,376.426,134.596,159812.578,587.311,1
402.654,180.615,193467.594,679.64,781.497,56.611,613942.625,879.357,469.536,97.672,230003.766,675.12,1
600.013,297.343,448428.875,983.614,607.864,44.031,371437.719,683.982,437.579,124.064,206866.906,613.594,1
631.597,120.923,413537.125,795.578,472.809,34.25,224721.141,532.015,455.82,65.777,212098.062,571.7,1
793.624,192.225,666789.75,1084.496,367.76,26.64,135957.328,413.812,449.103,51.039,204298.094,533.584,1
679.322,161.892,487687.031,1006.639,286.052,20.72,82254.781,321.871,437.181,59.084,194618.141,545.859,1
731.177,207.489,577671.937,1126.466,222.496,16.117,49764.363,250.358,402.135,79.252,167993.703,542.201,1
602.69,120.02,377639.469,800.205,173.061,12.536,30107.367,194.733,335.095,94.977,121309.258,474.856,1
488.555,256.644,304551.688,999.844,134.61,9.751,18214.887,151.466,334.844,53.825,115017.93,412.936,1
575.541,242.432,390020.625,997.414,104.702,7.584,11019.928,117.813,238.702,94.039,65821.75,388.006,1
561.947,132.387,333311.0,771.321,81.438,5.899,6666.929,91.636,216.995,117.625,57265.676,366.826,1
455.681,231.518,258783.125,744.224,63.343,4.588,4033.406,71.276,184.921,74.513,39548.086,301.561,1
478.964,91.972,237865.562,647.844,49.269,3.569,2440.163,55.439,116.909,33.51,14790.65,191.264,1
320.294,129.797,119435.641,569.442,38.322,2.776,1476.256,43.121,88.642,56.356,11033.421,236.82,1
185.268,165.076,52248.664,408.468,29.806,2.16,893.058,33.539,85.696,59.595,9846.577,189.094,1
104.913,125.837,15841.505,247.627,23.183,1.679,540.263,26.086,71.888,78.651,6928.33,160.616,1
55.413,61.13,4357.296,117.093,18.031,1.306,326.828,20.29,58.877,68.668,5262.275,155.221,1
243.292,270.704,94339.383,726.484,14.024,1.016,197.693,15.781,45.606,52.166,3013.173,127.76,1
241.009,189.187,93877.328,791.178,10.907,0.79,119.586,12.273,77.972,75.48,7080.939,139.151,1
163.792,165.883,42771.113,482.306,8.483,0.615,72.339,9.546,66.242,68.06,7063.244,184.802,1
219.821,113.369,58265.324,351.733,6.598,0.478,43.76,7.424,77.259,66.788,8718.622,159.123,1
211.693,96.353,53969.871,349.128,5.131,0.372,26.467,5.774,73.33,67.508,7518.605,178.088,1
223.258,197.76,62702.699,471.307,3.99,0.289,16.001,4.49,82.971,48.861,8712.613,162.156,1
241.932,113.224,71350.828,509.487,3.102,0.225,9.673,3.491,64.882,54.71,6059.589,168.172,1
138.61,180.037,39245.258,573.518,2.412,0.175,5.848,2.715,99.15,76.16,14559.393,197.58,1
124.287,120.255,22263.805,274.556,1.875,0.136,3.534,2.11,76.356,58.217,8991.158,209.596,1
120.356,147.278,21694.881,278.956,1.457,0.106,2.135,1.64,98.359,88.022,12395.433,196.393,1
110.267,119.051,15627.885,240.643,1.133,0.082,1.29,1.275,83.281,56.252,9504.649,165.415,1
140.061,143.997,26838.727,285.458,0.88,0.064,0.779,0.991,70.583,57.33,6884.476,165.921,1
118.737,140.248,20964.359,316.313,0.684,0.05,0.47,0.77,68.517,39.282,6223.672,154.092,1
128.373,152.522,25726.828,383.979,0.531,0.039,0.284,0.598,58.058,36.152,4671.72,145.871,1
116.14,125.46,20679.773,299.681,0.412,0.03,0.171,0.464,54.288,61.164,5174.388,159.598,1
133.118,156.625,38113.801,571.367,0.32,0.023,0.103,0.36,55.421,43.743,4010.33,108.637,1
183.349,177.381,56132.816,593.851,0.248,0.018,0.062,0.28,49.926,47.947,3512.513,120.949,1
132.759,134.539,24832.162,326.521,0.192,0.014,0.037,0.217,44.286,39.106,3103.379,101.18,1
157.846,86.563,30412.518,279.031,0.149,0.011,0.022,0.168,30.275,28.878,1571.363,85.38,1
153.783,114.857,35449.695,435.053,0.115,0.009,0.013,0.129,41.714,49.052,2598.989,112.432,1
136.663,113.059,30317.814,512.873,0.088,0.007,0.008,0.1,47.922,53.171,2969.416,123.683,1
164.996,132.653,36634.051,336.09,0.068,0.005,0.005,0.077,70.614,86.524,7676.641,168.854,1
188.917,140.716,53384.336,428.348,0.052,0.004,0.003,0.059,88.372,112.371,12710.237,212.377,0
524.985,60.656,279288.344,607.569,1330.276,977.291,2724657.0,2328.727,100.053,104.31,13511.202,216.312,0
499.539,63.405,253558.937,623.585,1703.851,153.547,2926684.75,1953.303,96.643,118.133,15204.324,263.649,0
441.609,67.308,199549.078,626.719,1239.932,169.852,1566281.25,1443.191,83.054,95.907,10134.734,190.071,0
395.098,89.939,164191.703,609.562,912.363,208.859,866278.937,1060.717,72.531,81.238,6979.787,149.044,0
420.333,27.456,177433.625,459.916,719.005,285.846,538912.187,841.799,404.978,145.039,185043.312,600.767,0
242.188,80.868,65194.711,373.034,1346.156,134.241,1830155.375,1606.591,490.735,68.956,245575.687,586.659,0
65.743,45.069,6353.295,140.855,1052.837,76.761,1114358.875,1182.66,360.348,90.968,138125.937,576.219,0
127.27,62.322,20081.658,245.818,786.235,750.027,712554.312,1397.134,65.261,72.407,6595.191,207.284,0
302.396,34.868,92658.992,339.456,1216.944,88.153,1488722.75,1369.331,184.35,75.786,39728.387,303.748,0
355.406,33.594,127441.633,422.285,946.564,68.565,900685.375,1065.094,337.406,50.458,116388.781,468.85,0
340.722,18.594,116437.406,368.308,736.258,53.33,544919.25,828.452,378.784,41.126,145168.359,450.243,0
345.691,18.809,119856.078,378.218,572.676,41.483,329678.875,644.387,383.479,40.698,148712.859,456.794,0
326.627,15.478,106925.047,357.946,445.439,32.266,199457.078,501.218,368.275,19.083,135990.875,398.045,0
322.037,32.639,104773.023,388.26,346.471,25.097,120672.141,389.857,326.614,64.031,110776.633,462.817,0
265.892,25.943,71371.672,315.378,269.492,19.521,73006.781,303.238,281.994,40.926,81195.43,345.172,0
225.265,18.944,51103.227,256.7,209.615,15.184,44169.109,235.864,215.692,29.852,47413.977,272.335,0
216.395,29.665,47706.602,265.3,163.042,11.81,26722.336,183.459,157.152,35.354,25946.512,223.825,0
181.447,25.224,33559.363,229.5,126.817,9.187,16167.008,142.698,85.928,43.225,9252.084,151.118,0
140.553,24.064,20334.227,192.374,98.64,7.145,9780.94,110.992,32.16,26.617,1578.127,74.001,0
85.238,9.951,7364.532,104.376,76.724,5.558,5917.418,86.331,35.044,36.058,1765.112,99.462,0
66.234,19.465,4765.831,106.651,59.677,4.323,3579.98,67.15,60.055,48.041,5914.487,162.39,0
24.449,20.651,970.857,66.305,1215.057,770.331,2021374.375,2105.326,102.485,51.847,12675.381,168.947,0
23.021,20.763,908.724,81.051,2560.787,285.107,6638914.0,2953.294,147.494,54.309,24704.02,224.74,0
61.924,24.29,4424.638,104.5,2721.561,196.162,7445375.5,3048.032,149.936,46.103,24606.182,226.204,0
78.134,23.733,6668.089,121.177,2117.356,153.373,4506718.5,2382.492,145.586,36.665,22539.598,202.215,0
68.918,23.095,5283.069,111.358,1646.925,119.297,2726594.25,1853.154,145.806,33.255,22365.324,190.078,0
77.999,28.887,6918.275,129.945,1281.014,92.793,1649607.5,1441.423,124.823,24.913,16201.376,173.255,0
59.166,27.93,4280.643,103.534,996.4,72.175,998022.812,1121.17,119.938,34.754,15592.954,187.162,0
87.001,22.54,8077.303,139.256,775.022,56.139,603810.25,872.07,114.212,33.876,14191.985,170.601,0
65.166,29.111,5094.122,117.469,602.828,43.668,365309.094,678.315,83.531,17.095,7269.613,118.114,0
77.384,23.197,6526.396,104.649,468.893,33.964,221014.375,527.608,60.448,43.605,5421.205,150.93,0
54.858,28.771,3824.235,113.26,364.715,26.418,133715.125,410.385,62.634,24.356,4516.258,100.972,0
37.471,16.149,1664.853,64.486,283.683,20.549,80898.523,319.206,39.455,29.864,2415.588,105.495,0
37.241,16.478,1658.432,78.26,220.655,15.983,48944.129,248.286,47.772,33.542,3180.948,105.305,0
32.478,25.123,1426.526,71.173,171.63,12.432,29611.506,193.122,31.11,20.05,1305.338,74.332,0
30.994,22.409,1357.272,75.299,133.498,9.67,17915.148,150.214,33.793,34.973,1622.722,79.278,0
44.266,21.214,2363.341,82.612,103.837,7.521,10838.778,116.84,35.819,31.739,2241.682,101.198,0
20.751,19.999,730.692,54.954,80.767,5.85,6557.531,90.881,33.211,38.09,1589.4,93.263,0
28.266,23.589,1174.578,82.57,62.822,4.551,3967.35,70.689,41.149,45.047,2286.039,86.564,0
22.701,22.103,876.534,75.804,48.865,3.539,2400.271,54.983,26.451,29.508,920.348,51.034,0
28.808,19.178,1130.661,67.055,38.008,2.753,1452.18,42.767,27.565,34.621,1206.45,66.57,0
58.589,18.079,3759.531,99.602,29.563,2.141,878.578,33.265,19.031,19.669,507.435,44.494,0
29.748,21.705,1169.217,61.616,22.995,1.666,531.545,25.874,26.522,34.163,1179.255,80.672,0
17.459,20.823,434.195,53.725,17.886,1.296,321.588,20.126,25.914,34.374,1184.927,91.831,0
20.195,22.968,559.151,48.854,13.912,1.008,194.563,15.654,25.561,30.638,939.05,66.563,0
26.453,22.766,1011.599,59.088,10.821,0.784,117.712,12.176,30.476,34.327,1594.153,90.205,0
15.911,20.902,437.65,54.84,52.335,64.664,6003.573,182.868,22.519,27.811,817.029,61.358,0
31.211,37.218,1634.02,97.388,117.565,97.831,21923.412,303.059,16.487,20.027,401.18,50.473,0
26.522,22.403,1067.589,71.693,242.956,81.131,65609.812,357.79,37.653,46.159,2131.081,95.849,0
15.373,16.847,389.857,41.136,268.823,90.325,80424.141,429.738,24.255,28.6,837.794,52.251,0
19.551,22.915,538.94,42.416,337.264,85.424,121044.367,487.385,33.124,41.115,1703.423,76.755,1
13.151,17.04,290.419,39.814,286.904,78.15,88421.133,417.591,18.908,23.258,543.164,61.871,1
19.782,24.037,658.323,60.219,316.036,89.686,107922.258,450.85,32.066,35.166,1485.229,85.751,1
23.974,30.58,978.4,70.181,348.625,97.421,131030.0,503.099,28.67,36.725,1411.437,87.7,1
52.307,25.953,3409.644,107.953,550.5,169.197,331677.406,827.729,46.696,54.056,4154.217,147.951,1
73.244,77.494,7963.771,183.114,2041.056,760.483,4744242.0,3088.839,57.459,57.335,4873.488,129.312,1
159.28,117.562,32853.246,297.514,2584.454,187.205,6714447.5,2908.081,415.42,265.394,243007.437,856.916,1
324.911,83.714,112575.352,507.485,2010.243,145.616,4062280.0,2261.967,1083.015,206.857,1215711.5,1405.277,1
635.869,138.687,423563.406,834.437,445.434,474.703,272644.188,1597.046,1025.781,128.443,1068723.75,1271.145,1
820.912,113.916,686873.125,1002.199,205.829,78.326,48500.574,320.662,662.893,233.923,494147.594,1060.921,1
782.935,186.838,647895.687,1175.354,519.567,813.098,817989.187,1876.003,274.333,155.275,99368.523,574.567,1
530.699,134.542,299742.906,771.838,1231.587,1040.607,1803135.25,1766.22,123.604,130.1,23124.258,293.074,1
252.598,191.224,95264.883,537.406,1381.104,100.041,1917457.125,1554.047,272.494,104.822,85240.594,431.519,1
102.981,111.307,15055.791,229.904,1074.252,77.816,1160072.25,1208.771,438.828,60.242,196198.781,536.997,1
275.986,177.345,98769.523,619.329,835.575,60.528,701849.187,940.207,501.402,52.724,254184.297,583.539,1
436.631,147.482,212397.187,615.715,649.927,47.078,424621.719,731.312,529.531,72.526,285662.563,693.138,1
457.033,141.848,229000.281,702.269,505.527,36.618,256898.047,568.829,499.858,88.459,257682.766,629.23,1
511.61,119.721,276077.469,693.263,393.208,28.483,155424.016,442.447,466.656,62.326,221651.906,573.117,1
475.917,145.747,247738.859,794.229,305.845,22.154,94032.031,344.144,421.449,60.003,181219.937,541.238,1
456.639,142.777,228904.641,674.443,237.892,17.232,56889.676,267.682,363.674,63.02,136230.547,448.449,1
395.436,143.008,176821.156,605.169,185.037,13.403,34418.383,208.208,290.521,53.044,87216.039,376.675,1
379.961,164.479,171423.781,697.738,143.925,10.426,20823.039,161.948,229.962,85.833,60249.578,464.424,1
296.439,124.515,103380.219,501.055,111.947,8.109,12597.949,125.966,196.569,58.204,42026.934,282.594,1
242.002,149.486,79362.883,483.104,87.075,6.308,7621.768,97.978,120.9,86.57,21568.443,296.748,1
304.403,209.928,105157.703,520.235,67.727,4.906,4611.059,76.209,121.112,89.669,18602.848,233.193,1
149.865,117.127,31805.168,318.174,52.679,3.816,2789.638,59.276,45.591,54.957,3947.813,160.752,1
183.602,171.414,39618.645,392.558,40.974,2.968,1687.692,46.105,43.153,49.944,2496.452,107.62,1
158.298,143.73,34663.816,308.853,31.87,2.309,1021.025,35.861,43.514,55.533,3125.648,136.607,1
103.26,119.202,14993.604,250.448,24.788,1.796,617.658,27.893,46.708,43.288,3803.904,115.371,1
122.629,149.308,22715.008,343.038,19.279,1.397,373.635,21.694,68.466,72.303,7407.161,180.126,1
60.838,72.915,5352.855,149.183,14.995,1.087,226.022,16.873,62.909,43.835,5475.471,154.286,1
93.495,78.662,11805.504,198.899,11.662,0.845,136.721,13.123,69.98,53.961,6819.429,143.513,1
80.523,98.069,11300.237,256.492,9.07,0.657,82.703,10.207,64.13,45.156,5403.884,136.158,1
52.589,56.145,4280.69,136.648,7.054,0.511,50.025,7.938,78.052,42.825,7572.921,146.128,1
100.714,94.427,14982.651,223.719,5.486,0.398,30.256,6.174,85.54,70.375,10004.593,225.469,1
90.122,75.186,11233.845,205.354,4.266,0.309,18.297,4.801,76.201,38.863,7316.928,174.704,1
77.047,77.075,8822.609,199.288,3.317,0.241,11.062,3.733,98.414,98.789,14516.954,232.017,1
99.962,60.917,13571.822,199.783,2.58,0.187,6.689,2.903,71.022,55.946,7937.44,177.039,1
120.084,136.121,20908.811,293.464,2.006,0.146,4.044,2.258,73.521,66.187,7402.33,147.793,1
102.814,104.272,16534.322,274.003,1.559,0.113,2.443,1.755,43.63,28.568,2479.448,93.117,1
76.323,86.053,7549.729,153.935,1.212,0.088,1.476,1.364,52.333,39.54,4034.421,116.635,1
103.18,117.682,19614.801,347.824,0.942,0.068,0.891,1.06,42.703,33.338,2658.467,103.631,1
76.76,80.314,9075.642,186.809,0.731,0.053,0.538,0.824,59.704,62.415,5024.45,125.121,1
73.3,84.974,9153.102,239.862,0.568,0.041,0.324,0.64,48.805,52.46,3989.797,155.126,1
111.211,121.611,19492.156,274.262,0.441,0.032,0.195,0.497,53.378,41.865,4012.584,116.116,1
74.214,64.397,9480.519,197.409,0.342,0.025,0.118,0.385,53.525,63.869,4357.818,153.072,1
93.115,74.641,12211.122,226.851,0.265,0.019,0.071,0.299,37.987,38.764,2040.453,84.073,1
45.289,51.412,4078.125,177.796,0.206,0.015,0.042,0.232,48.235,57.319,3723.367,121.503,1
67.02,55.284,6652.868,206.266,0.159,0.012,0.025,0.179,39.999,47.303,2282.305,85.346,1
40.464,49.125,2492.477,118.157,0.123,0.009,0.015,0.139,49.147,57.535,4474.486,168.192,1
68.166,79.992,6462.496,135.152,0.095,0.007,0.009,0.107,39.787,41.866,2546.454,121.55,1
84.975,100.843,10636.575,216.54,0.073,0.005,0.005,0.082,42.141,53.921,2984.885,134.822,0
140.119,150.539,25546.641,300.519,0.056,0.004,0.003,0.063,50.443,71.664,5502.854,208.329,0
69.784,85.6,7571.368,172.668,0.043,0.004,0.002,0.049,58.804,68.413,4853.569,156.877,0
35.615,40.219,1707.392,81.943,0.032,0.002,0.001,0.037,33.453,38.802,1559.121,69.207,0
115.997,129.323,17638.201,236.311,0.026,0.002,0.001,0.029,48.207,60.63,4036.966,158.644,0
378.435,100.56,153325.312,525.917,0.02,0.002,0.0,0.022,78.5,92.126,8781.725,195.621,0
428.54,68.653,188359.937,554.413,809.479,994.306,1643873.125,2285.982,94.143,96.468,11946.046,207.601,0
389.942,51.291,154685.391,495.778,1781.333,150.427,3195773.75,2050.86,92.464,105.492,11185.165,199.769,0
693.066,136.167,498881.844,866.762,1355.753,99.494,1847965.125,1540.187,169.346,136.854,41878.613,344.631,0
775.209,91.442,609310.375,886.016,955.594,866.418,951196.187,1191.35,497.903,138.963,267218.094,728.097,0
328.64,117.72,121862.172,544.502,777.359,56.309,607458.062,874.701,470.001,92.51,229459.203,709.926,0
82.064,99.123,10456.265,174.644,1251.495,417.414,1662330.25,1597.058,247.173,116.798,74736.117,507.285,0
235.054,61.075,58980.344,328.287,1070.973,74.63,1152552.375,1206.532,77.858,83.04,7319.485,135.454,0
376.437,22.808,142224.672,421.227,803.133,635.486,705313.375,1404.38,192.531,41.94,38827.273,263.191,0
463.693,35.509,216271.922,518.668,1235.611,89.502,1534746.25,1390.336,312.664,58.548,101186.617,431.858,0
476.427,17.357,227283.937,505.478,961.084,69.617,928529.125,1081.432,364.276,48.883,135086.344,468.083,0
456.854,33.043,209806.953,503.096,747.551,54.151,561764.625,841.16,370.508,24.251,137864.016,422.031,0
421.097,25.658,177980.656,468.368,581.461,42.119,339870.406,654.272,337.22,45.846,115819.289,410.749,0
362.795,19.325,131993.516,405.055,452.272,32.76,205623.016,508.906,283.192,28.671,81019.875,359.583,0
295.18,26.935,87856.758,334.487,351.786,25.483,124402.594,395.837,225.302,49.904,53251.25,322.425,0
255.619,31.846,66355.258,322.841,273.626,19.82,75264.0,307.89,188.656,36.135,36896.734,279.941,0
197.498,33.262,40111.961,254.009,212.831,15.417,45534.863,239.483,116.28,26.974,14248.697,173.048,0
169.929,17.321,29175.922,208.333,165.544,11.991,27548.678,186.274,89.343,48.711,9474.725,160.592,0
116.587,26.679,14304.201,162.838,128.763,9.327,16666.982,144.887,44.517,38.298,2828.728,115.359,0
88.486,27.937,8610.249,142.078,100.154,7.255,10083.461,112.696,40.418,49.694,2476.277,115.535,0
34.155,25.563,1715.431,70.16,77.901,5.643,6100.413,87.656,53.678,43.432,3840.02,102.435,0
28.629,36.598,1341.125,95.636,60.592,4.389,3690.681,68.18,54.339,21.716,3424.316,86.94,0
21.592,19.064,693.44,55.498,224.393,425.52,203761.641,1372.392,83.229,38.014,8372.137,166.294,0
88.811,25.251,8525.013,130.575,1787.97,296.643,3284832.75,2242.332,96.344,31.919,10300.994,130.407,0
91.869,23.102,8973.593,129.432,2672.795,210.791,7188265.5,2935.352,113.864,24.281,13554.625,167.64,0
88.452,22.492,8329.591,153.126,2531.21,183.348,6440640.5,2848.169,128.486,80.386,20045.658,254.718,0
97.717,33.627,10679.505,163.445,1968.829,142.612,3896627.25,2215.367,112.704,37.402,14101.076,184.698,0
79.649,15.825,6594.461,114.481,1531.397,110.932,2357484.0,1723.16,95.778,25.637,9830.742,147.664,0
80.428,19.096,6833.272,119.196,1191.154,86.284,1426292.375,1340.311,90.083,23.838,8683.232,162.121,0
74.153,19.967,5897.416,105.279,926.505,67.111,862915.5,1042.522,61.564,24.159,4373.831,99.463,0
75.688,22.543,6236.836,115.95,720.656,52.201,522069.281,810.896,71.923,41.973,6615.324,128.169,0
39.018,20.341,1843.843,68.177,560.541,40.604,315855.25,630.733,63.768,44.455,5183.485,117.264,0
85.295,24.151,7858.559,116.886,436.001,31.581,191094.406,490.597,64.48,30.77,4874.375,93.087,0
53.138,23.128,3291.401,89.877,339.131,24.565,115613.328,381.597,56.197,30.447,4059.159,99.697,0
42.063,27.333,2339.587,90.574,263.783,19.108,69946.797,296.815,43.852,35.997,2366.948,86.998,0
45.05,20.279,2440.743,76.94,205.176,14.862,42318.254,230.869,54.201,48.798,3991.216,138.736,0
40.902,27.146,2352.488,95.274,159.591,11.56,25602.82,179.575,25.633,29.877,936.663,56.682,0
20.346,23.044,583.585,47.653,124.133,8.992,15489.862,139.677,38.566,43.164,2167.17,85.487,0
26.029,27.156,815.092,48.74,96.553,6.994,9371.467,108.644,25.932,28.994,988.818,62.031,0
21.913,19.273,670.4,54.041,75.101,5.44,5669.799,84.506,29.441,33.945,1210.65,79.967,0
51.288,21.273,3083.028,93.669,58.415,4.231,3430.264,65.73,33.929,39.723,1587.669,70.776,0
43.635,20.904,2252.908,82.169,45.437,3.291,2075.331,51.126,24.968,32.324,1131.679,95.455,0
33.254,24.66,1522.155,82.692,35.342,2.56,1255.589,39.767,23.583,22.598,690.159,47.925,0
33.099,31.161,1605.479,91.677,27.49,1.991,759.639,30.932,26.414,27.344,928.326,52.569,0
22.76,26.62,733.713,55.533,21.382,1.549,459.587,24.059,22.413,28.215,796.969,64.868,0
15.039,16.056,303.85,29.448,16.631,1.205,278.053,18.714,26.713,35.056,1231.389,97.015,0
18.406,19.523,477.835,46.193,12.936,0.937,168.224,14.556,36.714,41.606,1839.666,90.275,1
20.859,18.538,594.664,43.995,10.062,0.729,101.777,11.322,32.338,39.728,1578.354,75.044,1
20.142,17.697,627.161,52.855,7.826,0.567,61.575,8.807,18.602,20.973,447.643,34.219,1
15.722,18.506,371.49,44.038,64.729,78.556,9611.078,250.27,20.805,25.595,655.498,48.636,1
22.616,27.634,927.633,103.344,251.437,114.3,76285.031,444.522,33.642,41.655,1776.785,78.793,1
42.058,47.481,2437.548,97.687,1049.423,739.878,1648708.125,3223.77,54.664,60.664,3763.831,112.356,1
116.221,73.048,18322.133,229.466,3294.751,238.655,10912342.0,3707.322,118.151,91.595,20394.66,249.59,1
147.818,76.485,27700.033,288.757,2562.727,185.635,6602031.5,2883.634,715.55,200.834,552346.187,968.668,1
383.466,90.216,155185.078,503.91,1884.469,428.435,3734782.0,2242.952,960.645,71.389,927934.812,1039.56,1
519.317,117.903,283591.094,681.884,335.543,88.948,120501.109,520.431,812.436,228.066,712066.0,1150.431,1
749.807,96.844,571588.812,988.334,136.911,81.198,25337.627,260.901,368.429,104.241,146606.281,512.453,1
692.319,242.232,537981.437,1328.689,787.996,893.138,1332709.5,1887.571,117.842,122.78,18487.363,265.224,1
422.927,212.575,224055.5,829.252,1105.263,1087.056,1499514.125,1707.084,178.974,117.762,44883.004,343.276,1
204.221,138.075,59312.535,499.658,1391.856,100.822,1947427.0,1566.145,310.97,99.092,106521.461,433.219,1
205.061,258.669,66909.555,677.409,1082.614,78.42,1178202.875,1218.18,400.67,96.38,169825.875,595.778,1
292.599,236.951,127007.539,628.094,842.079,60.997,712818.5,947.526,449.587,66.647,206569.812,572.366,1
496.451,400.225,314324.656,990.685,654.987,47.443,431258.719,737.005,414.018,122.934,186524.125,597.182,1
372.567,186.238,168562.844,621.397,509.462,36.903,260912.937,573.258,382.098,91.82,154429.375,512.082,1
477.237,224.404,278112.688,825.304,396.269,28.705,157853.312,445.891,363.247,79.615,138287.266,540.144,1
557.045,275.69,382671.688,1021.39,308.226,22.327,95501.75,346.823,310.242,70.247,101184.547,448.34,1
475.853,100.16,236468.484,664.711,239.744,17.366,57778.914,269.765,257.404,81.655,72924.187,459.697,1
430.863,228.796,222824.062,827.975,186.478,13.508,34956.371,209.829,209.212,105.147,54825.691,403.186,1
389.719,101.885,162261.156,646.31,145.045,10.507,21148.518,163.208,177.431,118.267,45468.93,464.541,1
348.951,152.504,145024.187,594.71,112.819,8.172,12794.843,126.946,154.484,79.557,30194.568,302.689,1
340.656,168.095,144302.234,684.764,87.752,6.357,7740.898,98.741,118.725,98.368,16699.342,222.446,1
247.616,229.834,80299.664,507.025,68.255,4.944,4683.133,76.802,85.25,75.547,11014.418,221.19,1
239.046,202.988,81652.523,511.854,53.089,3.846,2833.188,59.737,71.931,91.593,9552.693,268.928,1
113.304,134.256,19553.023,319.634,41.293,2.991,1714.019,46.463,43.607,50.863,2790.387,111.415,1
144.498,168.52,36588.719,393.969,32.117,2.327,1036.947,36.14,36.256,45.021,2044.47,94.111,1
86.886,103.922,11131.574,220.88,24.981,1.81,627.318,28.109,48.927,56.224,3326.234,129.933,1
225.327,290.956,85678.281,609.209,19.43,1.408,379.508,21.864,60.266,74.953,6520.294,206.993,1
94.49,99.913,12940.942,250.704,15.112,1.095,229.577,17.005,54.181,70.478,5031.012,172.61,1
146.638,155.851,32642.873,399.348,11.754,0.852,138.885,13.226,52.74,71.876,5997.753,207.962,1
151.614,185.696,34893.563,423.12,9.142,0.663,84.011,10.287,84.693,92.491,10577.77,189.726,1
191.375,218.678,54722.555,545.136,7.109,0.516,50.808,8.0,62.546,73.284,7483.224,213.363,1
142.915,159.482,30735.752,381.989,5.529,0.401,30.726,6.221,75.43,60.107,8003.396,184.826,1
183.111,183.354,42758.125,337.86,4.3,0.312,18.584,4.838,57.393,42.924,4447.208,127.143,1
138.144,141.889,31462.867,469.479,3.343,0.242,11.236,3.762,57.216,46.005,4012.388,127.795,1
167.707,195.107,47197.551,482.605,2.6,0.188,6.795,2.926,62.6,53.485,6121.831,152.842,1
136.427,135.972,28431.332,359.528,2.022,0.147,4.109,2.275,47.486,45.921,3517.02,142.119,1
124.415,107.655,23297.686,315.169,1.572,0.114,2.484,1.769,41.429,40.601,2616.571,112.81,1
98.793,107.199,17361.162,280.399,1.222,0.089,1.5,1.375,73.816,72.646,8315.68,168.2,1
89.956,80.513,12688.905,242.097,0.949,0.069,0.906,1.069,48.362,48.414,4467.452,199.482,1
116.828,113.81,17230.801,208.704,0.737,0.054,0.547,0.83,44.657,50.48,3739.519,167.787,1
91.618,108.505,12911.419,232.788,0.572,0.042,0.329,0.645,53.929,50.322,5251.783,169.642,1
99.101,122.353,18146.68,382.553,0.444,0.032,0.198,0.5,51.491,52.507,4449.965,155.757,1
61.677,69.696,4859.368,149.349,0.345,0.025,0.119,0.388,36.956,55.809,3268.635,151.448,1
129.403,164.636,30850.035,444.61,0.267,0.02,0.072,0.301,41.395,51.995,3105.704,123.955,1
49.028,60.726,4014.732,144.145,0.207,0.015,0.043,0.233,37.003,37.661,2210.414,107.916,1
73.123,77.242,8419.369,199.618,0.16,0.012,0.026,0.18,53.948,65.074,4778.109,156.191,1
90.914,112.907,16098.115,331.972,0.124,0.009,0.015,0.14,28.483,37.286,1416.552,81.921,1
99.692,122.376,15553.072,267.501,0.095,0.007,0.009,0.108,55.144,55.156,4189.749,120.692,0
75.707,92.81,8758.628,204.796,0.074,0.005,0.005,0.083,39.852,37.115,1945.138,75.993,0
98.522,115.678,14101.765,263.251,0.056,0.004,0.003,0.064,30.521,30.473,1261.355,66.439,0
34.963,45.528,2300.256,116.732,0.043,0.004,0.002,0.049,29.174,37.945,1568.549,96.473,0
52.082,61.578,4614.753,150.944,0.032,0.002,0.001,0.037,38.583,44.483,2076.246,90.927,0
148.252,100.75,31933.695,339.281,0.026,0.002,0.001,0.029,88.305,95.89,10140.225,181.652,0
600.378,161.718,386606.563,830.771,32.467,148.243,23027.693,756.789,97.712,110.685,13137.629,256.541,0
738.177,62.52,548813.937,844.391,1970.914,212.366,3929601.0,2302.119,114.534,141.685,20350.557,305.456,0
546.235,113.747,311310.875,725.299,1500.953,119.673,2267180.75,1705.854,63.627,76.7,7390.145,174.584,0
353.756,51.899,127836.609,433.089,1075.24,1004.235,1218812.0,1310.816,56.978,57.326,5022.487,165.684,0
275.143,59.669,79264.219,370.113,880.49,63.778,779330.562,990.746,183.654,179.609,45340.469,368.095,0
124.896,58.316,18999.898,251.459,1077.139,990.323,1308390.0,1573.985,363.599,48.853,134590.625,445.901,0
114.299,73.87,18520.994,216.695,1135.219,81.657,1295390.375,1270.413,426.743,78.771,188314.062,572.569,0
198.893,46.988,41766.211,310.546,888.465,63.085,793349.937,996.312,357.806,79.314,134315.766,537.417,0
343.172,28.574,118583.539,393.417,1015.986,864.672,1227579.625,1434.773,193.684,69.058,42282.375,306.301,0
416.068,24.059,173691.312,471.952,1107.74,80.24,1233526.625,1246.452,62.889,74.559,6891.537,180.471,0
426.285,32.654,182785.406,505.297,861.623,62.413,746289.625,969.517,121.804,43.702,16746.18,215.26,0
389.07,24.007,151951.578,440.288,670.188,48.546,451508.813,754.11,229.293,62.139,56436.578,321.64,0
352.177,44.154,125978.047,428.77,521.286,37.759,273164.875,586.562,309.099,49.508,97993.437,394.863,0
326.572,21.949,107131.273,374.578,405.466,29.371,165265.625,456.24,347.86,32.256,122047.25,398.035,0
261.888,18.208,68916.937,298.407,315.379,22.845,99985.93,354.872,343.78,39.628,119754.867,436.374,0
240.369,30.46,58704.898,294.498,245.308,17.77,60491.719,276.026,345.806,63.468,123609.602,467.0,0
189.231,23.724,36371.297,234.502,190.805,13.822,36597.555,214.698,289.233,43.629,85558.93,395.284,0
132.155,17.861,17784.01,157.609,148.411,10.75,22141.488,166.996,254.001,37.002,65885.477,338.817,0
92.746,39.789,10185.044,169.925,115.437,8.362,13395.544,129.892,186.611,36.033,36122.008,284.209,0
65.03,21.451,4689.113,96.186,89.788,6.504,8104.267,101.032,145.995,47.366,23558.227,257.91,0
22.497,15.759,677.035,57.227,69.839,5.059,4903.058,78.584,86.82,61.919,11234.468,188.667,0
32.167,30.007,1338.426,71.245,54.322,3.935,2966.32,61.124,65.254,44.204,5968.879,127.984,0
25.134,29.11,850.107,66.263,343.603,436.503,274853.813,1073.65,22.952,28.952,892.94,55.775,0
43.757,24.587,2476.938,89.508,1500.655,208.064,2295257.0,1853.469,46.346,48.135,3055.055,95.623,0
73.462,18.851,5752.078,114.376,2043.447,174.503,4206126.0,2318.564,82.724,29.393,7707.161,151.992,0
91.873,34.422,9625.603,155.293,2364.131,98.87,5598890.0,2506.816,87.009,32.249,8610.59,163.307,0
112.615,22.537,13190.006,150.578,2163.422,127.609,4696680.5,2352.229,110.74,30.075,13167.968,156.079,0
92.379,16.093,8792.893,126.981,1702.778,123.341,2914667.5,1916.001,103.611,31.643,11736.486,162.085,0
87.702,16.097,7950.736,117.853,1324.458,95.938,1763392.5,1490.307,97.294,40.836,11133.809,172.48,0
74.495,23.091,6082.671,132.319,1030.192,74.621,1066863.625,1159.193,106.355,30.475,12240.173,152.361,0
70.856,86.104,7651.59,158.99,801.305,58.042,645459.312,901.645,90.386,40.033,9772.288,161.67,0
225.713,16.701,51225.113,255.759,623.273,45.146,390507.031,701.319,97.5,29.956,10403.704,146.839,0
210.305,34.415,45412.379,253.431,484.795,35.115,236259.234,545.501,88.183,18.46,8117.022,126.168,0
143.514,21.284,21049.23,178.853,377.084,27.314,142938.344,424.303,68.069,34.119,5609.64,122.33,0
66.595,24.544,5037.32,107.531,293.304,21.246,86478.594,330.032,76.109,35.229,7033.742,134.807,0
30.589,37.698,1421.114,74.756,228.138,16.525,52320.094,256.706,37.07,26.963,1939.58,93.972,0
86.218,30.736,8378.226,151.396,177.451,12.854,31653.998,199.671,44.356,25.77,2597.716,83.892,0
101.197,32.016,11265.848,159.404,138.025,9.998,19150.867,155.309,37.632,34.557,2114.37,93.545,0
120.77,23.218,15124.543,171.708,107.359,7.776,11586.395,120.802,39.708,32.663,2105.36,81.665,0
87.286,21.957,8100.945,130.155,83.506,6.049,7009.842,93.963,39.061,34.912,2112.539,81.541,0
74.774,22.242,6085.773,116.422,64.953,4.705,4240.998,73.086,32.1,31.575,1640.38,83.859,0
83.766,16.401,7285.805,122.747,50.522,3.66,2565.83,56.848,36.069,36.55,1855.726,83.597,0
83.106,18.674,7255.314,120.611,39.297,2.847,1552.343,44.218,42.088,36.954,2181.238,74.806,0
83.813,31.617,8024.297,132.013,30.566,2.214,939.177,34.393,41.86,46.424,2450.087,92.677,0
89.749,25.441,8702.101,125.995,23.775,1.722,568.208,26.752,35.035,37.213,1886.797,84.445,0
92.072,28.173,9271.029,137.866,18.493,1.34,343.77,20.808,40.511,49.799,2480.178,106.397,1
70.624,20.774,5419.229,113.185,14.384,1.042,207.983,16.185,28.784,28.431,1092.556,58.225,1
52.306,19.919,3132.686,81.99,11.188,0.81,125.831,12.589,30.533,29.864,1124.206,50.166,1
35.158,25.506,1725.195,83.88,8.702,0.63,76.129,9.792,22.314,24.871,640.269,44.58,1
43.007,41.745,2293.819,72.131,104.819,126.457,25575.016,342.081,33.643,42.135,1789.168,94.792,1
46.403,59.918,3710.428,145.044,1757.473,1164.434,4444618.5,3767.223,50.934,59.3,3528.932,106.892,1
119.376,128.116,19743.432,265.863,3183.901,230.623,10190415.0,3582.591,273.415,140.879,94602.883,508.954,1
201.746,66.594,45136.004,336.755,2476.505,179.391,6165260.0,2786.616,734.996,109.565,552223.25,936.064,1
344.518,77.351,124676.07,496.264,629.272,921.833,1018542.062,2167.489,797.235,123.847,650921.312,999.555,1
237.97,101.394,66910.602,417.575,113.0,11.478,12900.719,142.032,552.863,170.905,334865.969,823.876,1
346.045,104.811,130732.172,508.689,282.559,602.795,382195.188,2079.521,305.852,112.859,106282.758,517.248,1
506.5,73.533,261949.875,635.371,1829.619,132.529,3365069.75,2058.726,164.991,162.051,33807.809,364.191,1
529.726,192.117,317518.844,781.479,719.739,816.082,679874.75,1601.32,145.831,90.998,29547.432,357.266,1
283.926,166.419,104592.898,646.207,358.853,42.166,130553.172,460.101,259.258,95.613,76356.367,447.206,1
134.176,166.984,29596.148,383.497,340.582,28.428,116804.508,397.125,315.581,65.227,103845.844,452.083,1
98.062,106.71,16410.676,357.979,816.378,737.386,987980.25,1702.239,341.937,65.759,121245.273,460.941,1
195.604,70.227,43192.648,330.493,1445.764,96.06,2099459.75,1639.006,346.957,63.478,124408.461,506.783,1
336.329,110.622,125354.281,550.613,1135.39,82.242,1295873.875,1277.565,326.967,103.589,117638.148,573.474,1
279.957,177.312,109133.109,579.751,883.13,63.971,784010.0,993.716,347.0,70.593,125392.562,470.102,1
351.095,108.258,134987.641,559.138,686.916,49.759,474330.031,772.933,311.187,95.012,105864.391,466.31,1
345.45,131.324,136581.641,594.743,534.298,38.702,286971.875,601.203,259.363,65.275,71529.836,378.746,1
293.819,173.042,101795.352,481.315,415.588,30.103,173619.281,467.628,218.949,64.862,52145.664,324.562,1
294.821,83.616,93911.023,445.615,323.252,23.415,105040.148,363.73,221.227,78.974,55178.176,423.36,1
277.825,109.298,89132.922,459.401,251.432,18.212,63549.516,282.916,200.587,110.413,52426.148,392.468,1
243.644,101.368,69230.125,365.155,195.568,14.167,38447.488,220.058,182.32,43.524,35135.059,249.78,1
209.839,116.598,57627.504,425.88,152.116,11.019,23260.664,171.165,116.282,59.828,17100.988,211.675,1
180.778,84.707,39378.945,381.876,118.319,8.571,14072.73,133.135,111.489,44.138,14377.956,185.323,1
141.871,73.019,25459.098,282.798,92.029,6.667,8513.859,103.554,79.054,91.28,10383.105,250.681,1
122.856,67.39,19228.543,242.323,71.582,5.185,5150.829,80.545,67.556,76.829,6741.686,150.126,1
88.09,73.412,11850.926,234.003,55.677,4.033,3116.198,62.649,56.578,67.344,4545.57,137.304,1
76.451,80.273,7850.689,184.257,43.306,3.137,1885.269,48.729,46.566,54.904,3017.875,107.327,1
44.804,55.1,3152.153,118.266,33.684,2.44,1140.537,37.902,52.227,49.583,3784.127,103.411,1
49.6,58.959,3924.632,117.141,26.199,1.898,689.976,29.48,50.105,40.708,3911.292,110.622,1
73.436,89.559,8735.149,236.452,20.377,1.476,417.407,22.929,62.653,59.779,5880.96,151.162,1
125.248,150.399,23766.863,324.076,15.849,1.148,252.503,17.834,73.279,57.875,7693.521,169.267,1
69.419,68.313,6407.42,151.936,12.326,0.893,152.737,13.87,66.023,39.354,5710.792,147.11,1
87.054,93.039,13645.584,278.97,9.586,0.695,92.383,10.788,68.366,47.867,6926.734,172.299,1
81.596,84.011,12218.738,275.044,7.455,0.54,55.876,8.39,85.104,79.101,10840.867,252.731,1
59.61,46.216,5366.663,209.945,5.798,0.42,33.794,6.524,58.135,42.601,4946.157,146.336,1
62.668,73.079,6863.939,238.536,4.509,0.327,20.437,5.074,56.223,37.807,4590.404,129.202,1
75.646,79.541,7913.733,166.828,3.506,0.254,12.358,3.946,76.674,51.256,6947.791,124.816,1
64.033,72.851,7101.946,197.405,2.726,0.198,7.473,3.068,60.654,74.617,7352.799,224.083,1
56.632,71.636,5298.379,169.535,2.12,0.154,4.517,2.386,81.801,50.866,8729.058,163.48,1
78.13,79.347,9189.048,210.501,1.648,0.12,2.73,1.855,49.923,36.657,3306.46,105.922,1
43.217,47.952,3075.204,130.428,1.281,0.093,1.65,1.442,62.156,51.977,6263.736,179.544,1
85.077,65.482,10026.123,180.708,0.996,0.072,0.997,1.121,63.979,67.442,6225.863,152.389,1
95.549,56.105,11842.372,187.45,0.774,0.056,0.602,0.871,43.748,55.137,3599.566,146.905,1
106.284,55.114,14333.754,243.936,0.601,0.044,0.363,0.677,46.887,39.494,3298.156,108.877,1
97.197,52.519,12205.565,208.827,0.467,0.034,0.219,0.526,40.887,47.304,2260.138,82.121,1
72.857,28.446,6117.396,128.992,0.362,0.027,0.132,0.408,32.879,30.785,1640.744,73.78,1
59.197,29.662,4384.108,128.692,0.281,0.021,0.079,0.316,41.665,51.994,3060.127,131.201,1
92.724,83.672,10282.145,158.724,0.217,0.016,0.047,0.245,48.686,44.474,3251.185,102.578,0
54.609,61.065,4265.285,117.129,0.168,0.012,0.028,0.19,40.367,48.753,2505.518,105.061,0
42.292,45.02,2315.969,88.089,0.13,0.01,0.017,0.147,30.91,37.451,1402.753,78.247,0
60.495,52.339,4707.967,113.648,0.1,0.007,0.01,0.113,33.548,37.726,2084.873,89.914,0
68.299,78.412,6158.938,176.969,0.077,0.006,0.006,0.087,46.018,54.012,2921.937,107.996,0
208.498,153.866,58068.66,482.137,0.059,0.005,0.004,0.067,63.967,80.609,6555.882,193.56,0
714.019,120.517,524347.25,872.312,360.774,737.742,674369.812,2313.862,105.728,132.249,17499.254,285.695,0
662.592,41.94,440787.688,736.489,1922.216,200.861,3735258.0,2347.154,148.864,165.698,28103.324,318.872,0
401.564,87.333,168880.812,605.394,1432.943,104.518,2064250.25,1618.111,59.658,70.468,4977.301,127.53,0
217.633,42.439,49165.172,316.068,1031.969,1051.215,1106185.125,1260.866,65.969,75.073,5805.024,143.518,0
183.199,36.087,34864.332,254.245,832.633,61.08,697008.187,937.425,339.202,105.739,126238.773,532.233,0
84.9,89.862,10722.617,189.965,1189.748,673.811,1525740.5,1571.352,586.449,91.061,352214.375,758.468,0
170.446,23.208,29590.586,213.067,1070.592,76.261,1151983.25,1203.784,569.034,60.145,327416.875,640.716,0
262.754,31.458,70029.508,329.874,767.874,262.777,634805.187,946.037,317.794,106.864,112413.187,480.642,0
319.887,34.208,103498.109,399.248,1234.826,168.392,1553151.875,1415.935,69.062,74.27,5557.548,126.345,0
346.283,33.49,121033.297,424.984,1008.741,73.068,1022897.25,1135.056,226.396,55.006,54280.926,317.55,0
342.406,27.126,117977.523,403.745,784.619,56.835,618857.75,882.871,344.273,64.205,122646.531,432.701,0
309.514,35.841,97083.18,389.401,610.293,44.207,374411.688,686.715,404.518,38.947,165151.937,467.538,0
260.284,30.595,68683.594,327.4,474.698,34.385,226520.656,534.141,427.159,59.576,186013.859,543.071,0
248.096,17.111,61844.625,278.561,369.229,26.746,137045.703,415.465,377.895,33.157,143904.203,445.764,0
242.118,18.915,58978.75,285.205,287.194,20.803,82913.211,323.157,341.016,51.443,118938.437,451.353,0
212.571,23.239,45726.621,261.286,223.385,16.181,50162.801,251.358,300.176,41.717,91845.773,400.775,0
179.867,38.847,33861.191,257.748,173.753,12.586,30348.598,195.511,253.264,63.085,68122.422,378.195,0
172.602,26.006,30467.77,218.32,135.148,9.79,18360.828,152.072,181.143,33.317,33922.852,246.776,0
116.663,27.33,14357.077,160.969,105.12,7.615,11108.229,118.284,119.621,45.506,16379.959,204.561,0
80.654,28.955,7343.466,126.545,81.763,5.923,6720.348,92.003,74.939,46.894,7769.534,158.268,0
41.781,34.649,2840.473,125.906,63.596,4.607,4065.725,71.561,32.392,41.649,1865.45,107.573,0
15.088,18.201,342.913,36.332,761.881,650.906,950849.062,1524.582,17.27,21.349,498.058,43.849,0
39.567,23.994,1986.848,74.449,2107.206,261.975,4508948.0,2624.307,54.82,25.92,3677.048,93.236,0
91.781,25.603,9079.22,136.031,2663.692,123.334,7110464.5,2839.855,96.931,42.683,11193.22,175.982,0
79.149,24.89,6884.04,129.2,2332.123,168.927,5467333.0,2624.152,118.486,33.344,15150.622,177.976,0
79.244,19.698,6667.697,116.17,1813.975,131.397,3307770.5,2041.122,102.718,35.59,11817.673,167.395,0
62.972,29.349,4826.771,115.697,1410.949,102.201,2001222.5,1587.629,92.415,31.095,9507.369,148.283,0
39.149,27.224,1907.579,78.719,1097.467,79.496,1210752.5,1234.892,94.153,24.49,9464.604,149.269,0
62.652,29.443,4733.634,111.769,853.633,61.834,732513.062,960.526,80.966,30.639,7494.229,129.616,0
56.256,28.385,3970.505,110.174,663.974,48.095,443175.0,747.117,85.675,53.474,9209.732,154.897,0
65.992,19.038,4717.353,110.06,516.453,37.41,268123.75,581.124,63.48,31.877,5045.908,112.952,0
45.408,17.854,2380.631,85.18,401.709,29.098,162216.562,452.011,57.095,27.173,3950.756,99.481,0
33.818,20.57,1556.932,75.363,312.458,22.633,98142.047,351.584,65.555,22.373,4797.997,96.92,0
27.823,21.661,1235.818,75.144,243.036,17.604,59376.57,273.469,65.862,57.9,5957.067,160.269,0
24.512,24.971,896.731,63.495,189.039,13.693,35923.191,212.71,50.158,28.582,3111.017,87.396,0
23.631,25.797,714.419,47.091,147.038,10.651,21733.758,165.451,55.662,42.188,4145.499,112.612,0
25.41,27.703,830.06,48.611,114.37,8.285,13149.063,128.691,36.232,35.88,1917.313,94.678,0
44.815,35.407,2602.123,78.945,88.959,6.444,7955.268,100.099,42.417,38.744,2658.256,100.789,0
39.189,22.494,1999.822,90.158,69.194,5.012,4812.991,77.859,40.172,40.259,2247.439,88.669,0
32.384,32.555,1441.447,79.271,53.821,3.898,2911.89,60.56,35.707,32.243,1647.055,71.949,0
27.774,20.633,1020.116,71.92,41.863,3.032,1761.711,47.105,29.131,32.172,1458.368,87.059,0
13.997,16.704,304.669,34.041,32.562,2.359,1065.847,36.639,30.487,29.239,1207.088,63.017,0
19.405,19.439,604.007,56.711,25.327,1.835,644.844,28.499,21.427,25.944,807.049,66.831,0
16.791,14.471,436.816,50.203,19.7,1.427,390.135,22.167,35.22,35.711,1767.217,89.938,0
31.252,31.948,1377.12,69.824,15.323,1.11,236.034,17.242,31.617,38.651,1519.87,89.932,0
19.239,22.546,508.336,39.122,11.919,0.863,142.802,13.411,25.021,25.522,816.683,49.946,1
31.253,34.716,1379.105,65.194,9.271,0.672,86.396,10.432,26.948,31.245,1071.852,62.101,1
25.453,23.599,867.006,62.313,7.211,0.522,52.27,8.114,25.587,29.04,862.994,57.496,1
16.043,21.309,455.65,66.154,6.314,6.868,61.616,28.387,31.602,38.883,1684.824,95.051,1
32.103,25.436,1494.296,69.773,57.877,62.176,6456.52,168.224,34.553,42.62,1824.164,82.936,1
39.908,37.699,2545.821,109.965,156.64,101.338,33495.316,307.196,25.85,24.205,1051.943,69.829,1
62.591,63.184,5423.897,127.019,1116.541,519.747,1516800.125,2339.292,70.403,86.376,7471.126,167.629,1
99.963,109.962,18955.047,325.36,3223.618,254.458,10456463.0,3633.624,166.298,115.29,37740.457,427.35,1
248.705,130.88,78977.258,433.379,2588.669,187.517,6736369.5,2912.824,686.042,171.392,500029.188,901.006,1
506.297,146.341,277752.719,759.348,1995.029,195.228,4018254.5,2265.657,1008.235,186.871,1051459.0,1499.618,1
875.247,274.622,841475.187,1309.159,215.954,258.725,73457.711,682.849,754.558,230.272,622383.25,1111.891,1
981.435,183.065,996728.562,1392.098,1011.854,966.616,1558088.0,1811.512,321.78,159.362,128938.461,726.495,1
757.998,314.099,673219.187,1369.227,1412.735,102.333,2006293.25,1589.64,84.257,110.913,14169.885,325.072,1
315.104,105.269,110372.117,509.235,1098.855,79.595,1213817.625,1236.455,208.249,89.508,51020.141,333.917,1
239.911,267.709,71674.391,472.044,854.712,61.911,734365.687,961.74,347.226,122.378,135542.375,655.899,1
309.401,115.963,109176.687,502.964,664.812,48.157,444294.719,748.061,385.432,112.408,161193.375,630.08,1
475.37,134.115,243963.984,641.64,517.104,37.458,268799.969,581.857,397.591,71.372,163172.172,567.413,1
489.904,114.112,253027.047,690.275,402.214,29.134,162625.172,452.58,422.056,116.46,191694.453,724.321,1
558.189,108.409,323326.906,687.815,312.85,22.662,98388.812,352.026,361.235,38.846,131999.437,429.852,1
507.881,135.633,276339.531,726.719,243.34,17.627,59525.266,273.812,346.523,130.016,136982.453,512.794,1
567.952,139.059,341906.719,821.8,189.274,13.711,36012.672,212.976,306.101,87.806,101407.562,454.319,1
484.262,111.225,246881.187,726.194,147.221,10.664,21787.602,165.656,278.434,98.871,87300.711,446.795,1
455.631,80.759,214121.266,548.009,114.511,8.295,13181.479,128.85,220.912,129.97,59925.797,428.902,1
362.289,90.846,139506.406,544.958,89.068,6.452,7974.786,100.222,177.676,76.758,36591.32,260.306,1
318.688,82.714,108403.383,451.894,69.279,5.018,4824.728,77.954,138.581,88.258,25876.596,297.627,1
203.171,132.23,49454.477,332.459,53.885,3.904,2918.859,60.634,133.865,133.995,26987.971,291.1,1
201.43,158.768,53458.715,425.937,41.912,3.036,1765.841,47.161,81.084,80.915,10227.206,219.879,1
122.924,99.269,19712.701,256.375,32.599,2.362,1068.273,36.682,122.276,143.341,21085.01,330.782,1
128.768,141.244,21032.689,306.216,25.355,1.837,646.26,28.531,101.817,114.526,13345.763,195.03,1
102.311,109.686,14141.835,204.549,19.568,1.783,386.07,22.191,54.712,58.757,4486.677,138.56,1
92.697,87.101,11728.026,195.282,15.372,1.114,237.554,17.298,75.219,86.88,7693.484,134.354,1
57.307,55.195,5506.431,157.65,11.956,0.867,143.693,13.454,97.044,83.266,13058.021,216.316,1
118.696,88.576,18372.619,233.794,9.298,0.674,86.913,10.463,35.01,45.216,2794.674,158.698,1
79.325,89.307,11524.54,244.556,7.231,0.524,52.565,8.137,69.551,58.803,7328.125,193.522,1
142.94,81.622,25208.018,286.83,5.623,0.408,31.789,6.328,94.849,92.403,12171.145,219.18,1
81.617,54.793,9471.834,181.724,4.373,0.317,19.222,4.921,56.956,56.166,4649.199,128.354,1
108.549,71.018,16078.456,242.551,3.401,0.247,11.625,3.827,93.883,90.999,11819.47,211.46,1
94.203,77.042,14285.584,257.868,2.644,0.192,7.029,2.976,85.494,64.693,8279.199,133.297,1
104.731,88.179,13105.049,217.525,2.056,0.149,4.249,2.314,58.298,41.058,4740.373,109.812,1
107.578,89.781,12999.584,205.937,1.598,0.116,2.568,1.799,57.528,64.113,4655.436,132.668,1
77.87,83.796,8460.261,196.75,1.243,0.09,1.552,1.398,71.129,54.168,7417.607,199.467,1
98.727,82.112,14878.795,240.87,0.966,0.07,0.937,1.087,49.553,50.535,3696.053,132.578,1
87.478,102.86,13083.389,228.207,0.75,0.055,0.566,0.845,68.894,78.459,7662.274,169.644,1
75.527,63.556,8271.871,170.592,0.583,0.042,0.341,0.656,68.984,52.994,6867.107,163.363,1
79.271,92.305,10417.646,237.94,2.548,8.793,78.272,44.051,64.359,69.797,5499.608,135.251,1
106.522,140.176,20865.533,389.583,0.668,0.049,0.449,0.752,73.244,88.579,9329.909,194.132,1
74.064,84.632,8838.093,228.376,0.519,0.038,0.271,0.584,48.491,48.535,4006.212,124.5,1
63.958,82.826,7018.644,249.583,0.403,0.029,0.163,0.454,48.229,52.906,4302.464,142.561,1
48.727,53.787,3487.706,107.968,0.312,0.023,0.098,0.352,41.749,29.405,2500.119,106.913,1
96.823,113.446,12877.497,192.241,0.242,0.018,0.059,0.273,29.802,33.228,1165.23,63.732,1
199.452,100.751,49931.945,351.437,0.188,0.014,0.035,0.212,53.903,75.338,5691.66,189.473,1
